created_at,entry_id,field1,field2,latitude,longitude,elevation,status
2026-05-19T04:56:28+00:00,1,30,81,,,,
2026-05-19T04:57:30+00:00,2,30,80,,,,
2026-05-19T04:58:33+00:00,3,30,82,,,,
2026-05-19T04:59:35+00:00,4,30,82,,,,
2026-05-19T05:00:38+00:00,5,30,82,,,,
2026-05-19T05:01:40+00:00,6,30,82,,,,
2026-05-19T05:02:43+00:00,7,30,82,,,,
2026-05-19T05:03:45+00:00,8,30,82,,,,
2026-05-19T05:04:47+00:00,9,30,82,,,,
2026-05-19T05:05:50+00:00,10,30,82,,,,
2026-05-19T05:06:54+00:00,11,30,82,,,,
2026-05-19T05:07:57+00:00,12,30,82,,,,
2026-05-19T05:09:00+00:00,13,30,82,,,,
2026-05-19T05:10:03+00:00,14,30,82,,,,
2026-05-19T05:11:05+00:00,15,30,82,,,,
2026-05-19T05:12:08+00:00,16,30,82,,,,
2026-05-19T05:13:11+00:00,17,30,82,,,,
2026-05-19T05:14:13+00:00,18,30,81,,,,
2026-05-19T05:15:16+00:00,19,30,81,,,,
2026-05-19T05:16:18+00:00,20,30,81,,,,
2026-05-19T05:17:21+00:00,21,30,81,,,,
2026-05-19T05:18:24+00:00,22,30,81,,,,
2026-05-19T05:19:27+00:00,23,30,81,,,,
2026-05-19T05:20:29+00:00,24,30,81,,,,
2026-05-19T05:21:31+00:00,25,30,81,,,,
2026-05-19T05:22:34+00:00,26,30,81,,,,
2026-05-19T05:23:37+00:00,27,30,81,,,,
2026-05-19T05:24:40+00:00,28,30,81,,,,
2026-05-19T05:25:42+00:00,29,30,81,,,,
2026-05-19T05:26:45+00:00,30,30,81,,,,
2026-05-19T05:27:48+00:00,31,30,81,,,,
2026-05-19T05:28:51+00:00,32,30,81,,,,
2026-05-19T05:29:54+00:00,33,30,81,,,,
2026-05-19T05:30:57+00:00,34,30,81,,,,
2026-05-19T05:32:01+00:00,35,30,81,,,,
2026-05-19T05:33:04+00:00,36,30,81,,,,
2026-05-19T05:34:07+00:00,37,30,81,,,,
2026-05-19T05:35:09+00:00,38,30,81,,,,
2026-05-19T05:36:12+00:00,39,30,81,,,,
2026-05-19T05:37:14+00:00,40,30,81,,,,
2026-05-19T05:38:17+00:00,41,30,81,,,,
2026-05-19T05:39:19+00:00,42,30,81,,,,
2026-05-19T05:40:22+00:00,43,30,81,,,,
2026-05-19T05:41:24+00:00,44,30,81,,,,
2026-05-19T05:42:26+00:00,45,30,80,,,,
2026-05-19T05:43:29+00:00,46,30,80,,,,
2026-05-19T05:44:31+00:00,47,30,80,,,,
2026-05-19T05:45:33+00:00,48,30,80,,,,
2026-05-19T05:46:36+00:00,49,30,81,,,,
2026-05-19T05:47:38+00:00,50,30,81,,,,
2026-05-19T05:48:40+00:00,51,30,81,,,,
2026-05-19T05:49:42+00:00,52,30,80,,,,
2026-05-19T05:50:45+00:00,53,30,81,,,,
2026-05-19T05:51:47+00:00,54,30,80,,,,
2026-05-19T05:52:49+00:00,55,30,80,,,,
2026-05-19T05:53:52+00:00,56,30,80,,,,
2026-05-19T05:54:54+00:00,57,30,80,,,,
2026-05-19T05:55:57+00:00,58,30,80,,,,
2026-05-19T05:56:59+00:00,59,30,80,,,,
2026-05-19T05:58:01+00:00,60,30,80,,,,
2026-05-19T05:59:04+00:00,61,30,80,,,,
2026-05-19T06:00:06+00:00,62,30,80,,,,
2026-05-19T06:01:09+00:00,63,30,80,,,,
2026-05-19T06:02:11+00:00,64,30,80,,,,
2026-05-19T06:03:14+00:00,65,30,80,,,,
2026-05-19T06:04:17+00:00,66,30,80,,,,
2026-05-19T06:05:19+00:00,67,30,80,,,,
2026-05-19T06:06:22+00:00,68,30,80,,,,
2026-05-19T06:07:24+00:00,69,30,79,,,,
2026-05-19T06:08:27+00:00,70,30,79,,,,
2026-05-19T06:09:30+00:00,71,30,79,,,,
2026-05-19T06:10:32+00:00,72,30,79,,,,
2026-05-19T06:11:34+00:00,73,30,79,,,,
2026-05-19T06:12:46+00:00,74,30,79,,,,
2026-05-19T06:14:55+00:00,75,30,79,,,,
2026-05-19T06:15:57+00:00,76,30,79,,,,
2026-05-19T06:17:00+00:00,77,30,79,,,,
2026-05-19T06:18:03+00:00,78,30,79,,,,
2026-05-19T06:19:05+00:00,79,30,79,,,,
2026-05-19T06:20:10+00:00,80,30,79,,,,
2026-05-19T06:21:12+00:00,81,30,79,,,,
2026-05-19T06:22:14+00:00,82,30,79,,,,
2026-05-19T06:23:17+00:00,83,30,79,,,,
2026-05-19T06:24:22+00:00,84,30,79,,,,
2026-05-19T06:25:25+00:00,85,30,79,,,,
2026-05-19T06:26:27+00:00,86,30,79,,,,
2026-05-19T06:27:29+00:00,87,30,79,,,,
2026-05-19T06:28:35+00:00,88,30,79,,,,
2026-05-19T06:29:42+00:00,89,30,79,,,,
2026-05-19T06:30:44+00:00,90,31,79,,,,
2026-05-19T06:31:53+00:00,91,31,79,,,,
2026-05-19T06:32:55+00:00,92,31,79,,,,
2026-05-19T06:33:57+00:00,93,31,79,,,,
2026-05-19T06:34:59+00:00,94,30,79,,,,
2026-05-19T06:36:02+00:00,95,30,79,,,,
2026-05-19T06:37:04+00:00,96,31,79,,,,
2026-05-19T06:38:06+00:00,97,31,78,,,,
2026-05-19T06:39:08+00:00,98,31,78,,,,
2026-05-19T06:40:11+00:00,99,31,78,,,,
2026-05-19T06:41:13+00:00,100,31,78,,,,
2026-05-19T06:42:15+00:00,101,31,78,,,,
2026-05-19T06:43:18+00:00,102,31,78,,,,
2026-05-19T06:44:20+00:00,103,31,78,,,,
2026-05-19T06:45:24+00:00,104,31,78,,,,
2026-05-19T06:46:26+00:00,105,31,77,,,,
2026-05-19T06:47:28+00:00,106,31,77,,,,
2026-05-19T06:48:31+00:00,107,31,77,,,,
2026-05-19T06:49:33+00:00,108,31,77,,,,
2026-05-19T06:50:35+00:00,109,31,77,,,,
2026-05-19T06:51:37+00:00,110,31,77,,,,
2026-05-19T06:52:40+00:00,111,31,77,,,,
2026-05-19T06:53:42+00:00,112,31,77,,,,
2026-05-19T06:54:44+00:00,113,31,77,,,,
2026-05-19T06:55:46+00:00,114,31,76,,,,
2026-05-19T06:56:49+00:00,115,31,77,,,,
2026-05-19T06:57:51+00:00,116,31,76,,,,
2026-05-19T06:58:53+00:00,117,31,76,,,,
2026-05-19T06:59:56+00:00,118,31,76,,,,
2026-05-19T07:00:58+00:00,119,31,77,,,,
2026-05-19T07:02:00+00:00,120,31,77,,,,
2026-05-19T07:03:02+00:00,121,31,77,,,,
2026-05-19T07:04:05+00:00,122,31,77,,,,
2026-05-19T07:05:07+00:00,123,31,77,,,,
2026-05-19T07:06:09+00:00,124,31,77,,,,
2026-05-19T07:07:11+00:00,125,31,77,,,,
2026-05-19T07:08:14+00:00,126,31,77,,,,
2026-05-19T07:09:16+00:00,127,31,77,,,,
2026-05-19T07:10:18+00:00,128,31,77,,,,
2026-05-19T07:11:21+00:00,129,31,77,,,,
2026-05-19T07:12:24+00:00,130,31,77,,,,
2026-05-19T07:13:26+00:00,131,31,77,,,,
2026-05-19T07:14:28+00:00,132,31,77,,,,
2026-05-19T07:15:31+00:00,133,31,77,,,,
2026-05-19T07:16:33+00:00,134,31,77,,,,
2026-05-19T07:17:35+00:00,135,31,77,,,,
2026-05-19T07:18:37+00:00,136,31,77,,,,
2026-05-19T07:20:47+00:00,137,31,77,,,,
2026-05-19T07:21:49+00:00,138,31,77,,,,
2026-05-19T07:22:53+00:00,139,31,77,,,,
2026-05-19T07:23:55+00:00,140,31,77,,,,
2026-05-19T07:25:04+00:00,141,31,77,,,,
2026-05-19T07:26:06+00:00,142,31,76,,,,
2026-05-19T07:27:08+00:00,143,31,76,,,,
2026-05-19T07:28:11+00:00,144,31,76,,,,
2026-05-19T07:29:13+00:00,145,31,76,,,,
2026-05-19T07:30:16+00:00,146,31,76,,,,
2026-05-19T07:31:18+00:00,147,31,76,,,,
2026-05-19T07:32:20+00:00,148,31,76,,,,
2026-05-19T07:33:23+00:00,149,31,76,,,,
2026-05-19T07:34:25+00:00,150,31,76,,,,
2026-05-19T07:35:27+00:00,151,31,76,,,,
2026-05-19T07:36:30+00:00,152,31,76,,,,
2026-05-19T07:38:39+00:00,153,31,77,,,,
2026-05-19T07:39:41+00:00,154,31,76,,,,
2026-05-19T07:46:47+00:00,155,31,76,,,,
2026-05-19T07:47:50+00:00,156,31,76,,,,
2026-05-19T07:49:00+00:00,157,31,75,,,,
2026-05-19T07:50:02+00:00,158,31,75,,,,
2026-05-19T07:51:05+00:00,159,31,75,,,,
2026-05-19T07:52:29+00:00,160,31,75,,,,
2026-05-19T07:53:32+00:00,161,31,75,,,,
2026-05-19T07:54:34+00:00,162,31,75,,,,
2026-05-19T07:55:47+00:00,163,31,75,,,,
2026-05-19T07:56:50+00:00,164,31,75,,,,
2026-05-19T07:57:52+00:00,165,31,75,,,,
2026-05-19T07:58:57+00:00,166,31,75,,,,
2026-05-19T08:00:00+00:00,167,31,75,,,,
2026-05-19T08:01:02+00:00,168,31,75,,,,
2026-05-19T08:03:12+00:00,169,31,76,,,,
2026-05-19T08:04:14+00:00,170,31,75,,,,
2026-05-19T08:05:16+00:00,171,31,75,,,,
2026-05-19T08:06:23+00:00,172,31,75,,,,
2026-05-19T08:07:25+00:00,173,31,75,,,,
2026-05-19T08:08:28+00:00,174,31,75,,,,
2026-05-19T08:09:30+00:00,175,31,74,,,,
2026-05-19T08:10:33+00:00,176,31,74,,,,
2026-05-19T08:11:35+00:00,177,31,74,,,,
2026-05-19T08:12:37+00:00,178,31,74,,,,
2026-05-19T08:13:40+00:00,179,31,74,,,,
2026-05-19T08:14:55+00:00,180,31,74,,,,
2026-05-19T08:15:57+00:00,181,31,74,,,,
2026-05-19T08:17:00+00:00,182,31,74,,,,
2026-05-19T08:18:04+00:00,183,31,74,,,,
2026-05-19T08:19:06+00:00,184,31,74,,,,
2026-05-19T08:20:20+00:00,185,31,74,,,,
2026-05-19T08:21:24+00:00,186,31,73,,,,
2026-05-19T08:22:26+00:00,187,31,73,,,,
2026-05-19T08:23:28+00:00,188,31,73,,,,
2026-05-19T08:24:41+00:00,189,31,73,,,,
2026-05-19T08:25:44+00:00,190,31,73,,,,
2026-05-19T08:26:46+00:00,191,31,74,,,,
2026-05-19T08:28:12+00:00,192,31,74,,,,
2026-05-19T08:29:14+00:00,193,31,74,,,,
2026-05-19T08:30:16+00:00,194,31,74,,,,
2026-05-19T08:31:22+00:00,195,31,73,,,,
2026-05-19T08:32:24+00:00,196,31,73,,,,
2026-05-19T08:33:27+00:00,197,31,73,,,,
2026-05-19T08:34:36+00:00,198,31,74,,,,
2026-05-19T08:35:38+00:00,199,32,73,,,,
2026-05-19T08:36:41+00:00,200,32,73,,,,
2026-05-19T08:37:43+00:00,201,32,73,,,,
2026-05-19T08:38:49+00:00,202,32,73,,,,
2026-05-19T08:39:56+00:00,203,32,73,,,,
2026-05-19T08:40:59+00:00,204,32,73,,,,
2026-05-19T08:42:01+00:00,205,32,73,,,,
2026-05-19T08:44:11+00:00,206,32,74,,,,
2026-05-19T08:45:13+00:00,207,32,74,,,,
2026-05-19T08:46:22+00:00,208,32,74,,,,
2026-05-19T08:47:24+00:00,209,32,74,,,,
2026-05-19T08:48:26+00:00,210,32,74,,,,
2026-05-19T08:49:29+00:00,211,32,73,,,,
2026-05-19T08:50:31+00:00,212,32,74,,,,
2026-05-19T08:51:33+00:00,213,32,74,,,,
2026-05-19T08:52:36+00:00,214,32,74,,,,
2026-05-19T08:53:38+00:00,215,32,74,,,,
2026-05-19T08:54:51+00:00,216,32,74,,,,
2026-05-19T08:55:53+00:00,217,32,74,,,,
2026-05-19T08:56:56+00:00,218,32,74,,,,
2026-05-19T08:57:59+00:00,219,32,74,,,,
2026-05-19T08:59:01+00:00,220,32,74,,,,
2026-05-19T09:01:11+00:00,221,32,74,,,,
2026-05-19T09:02:13+00:00,222,32,74,,,,
2026-05-19T09:03:15+00:00,223,32,74,,,,
2026-05-19T09:04:18+00:00,224,32,74,,,,
2026-05-19T09:06:28+00:00,225,32,74,,,,
2026-05-19T09:07:30+00:00,226,32,74,,,,
2026-05-19T09:08:33+00:00,227,32,74,,,,
2026-05-19T09:09:40+00:00,228,32,74,,,,
2026-05-19T09:10:43+00:00,229,32,74,,,,
2026-05-19T09:11:45+00:00,230,32,74,,,,
2026-05-19T09:12:50+00:00,231,32,74,,,,
2026-05-19T09:13:52+00:00,232,32,74,,,,
2026-05-19T09:14:54+00:00,233,32,74,,,,
2026-05-19T09:15:57+00:00,234,32,74,,,,
2026-05-19T09:17:00+00:00,235,32,74,,,,
2026-05-19T09:18:02+00:00,236,32,74,,,,
2026-05-19T09:19:05+00:00,237,32,74,,,,
2026-05-19T09:20:07+00:00,238,32,73,,,,
2026-05-19T09:21:10+00:00,239,32,73,,,,
2026-05-19T09:22:12+00:00,240,32,73,,,,
2026-05-19T09:23:14+00:00,241,32,73,,,,
2026-05-19T09:24:17+00:00,242,32,73,,,,
2026-05-19T09:26:27+00:00,243,32,73,,,,
2026-05-19T09:27:29+00:00,244,32,73,,,,
2026-05-19T09:28:31+00:00,245,32,73,,,,
2026-05-19T09:29:34+00:00,246,32,72,,,,
2026-05-19T09:30:36+00:00,247,32,73,,,,
2026-05-19T09:31:39+00:00,248,32,73,,,,
2026-05-19T09:32:42+00:00,249,32,73,,,,
2026-05-19T09:33:44+00:00,250,32,73,,,,
2026-05-19T09:34:52+00:00,251,32,73,,,,
2026-05-19T09:35:55+00:00,252,32,72,,,,
2026-05-19T09:36:58+00:00,253,32,72,,,,
2026-05-19T09:38:01+00:00,254,32,72,,,,
2026-05-19T09:39:04+00:00,255,32,72,,,,
2026-05-19T09:40:10+00:00,256,32,72,,,,
2026-05-19T09:41:17+00:00,257,32,72,,,,
2026-05-19T09:42:19+00:00,258,32,72,,,,
2026-05-19T09:43:22+00:00,259,32,72,,,,
2026-05-19T09:44:30+00:00,260,32,72,,,,
2026-05-19T09:45:33+00:00,261,32,72,,,,
2026-05-19T09:46:35+00:00,262,32,72,,,,
2026-05-19T09:47:38+00:00,263,32,72,,,,
2026-05-19T09:48:42+00:00,264,32,72,,,,
2026-05-19T09:49:52+00:00,265,32,71,,,,
2026-05-19T09:50:54+00:00,266,32,71,,,,
2026-05-19T09:52:09+00:00,267,32,71,,,,
2026-05-19T09:53:12+00:00,268,32,71,,,,
2026-05-19T09:54:15+00:00,269,32,71,,,,
2026-05-19T09:55:17+00:00,270,32,71,,,,
2026-05-19T09:56:20+00:00,271,32,71,,,,
2026-05-19T09:57:23+00:00,272,32,71,,,,
2026-05-19T09:58:29+00:00,273,32,71,,,,
2026-05-19T09:59:33+00:00,274,32,71,,,,
2026-05-19T10:00:36+00:00,275,32,71,,,,
2026-05-19T10:01:39+00:00,276,32,71,,,,
2026-05-19T10:02:44+00:00,277,32,71,,,,
2026-05-19T10:03:47+00:00,278,32,71,,,,
2026-05-19T10:04:49+00:00,279,32,70,,,,
2026-05-19T10:05:52+00:00,280,32,70,,,,
2026-05-19T10:06:55+00:00,281,32,70,,,,
2026-05-19T10:07:59+00:00,282,32,70,,,,
2026-05-19T10:09:01+00:00,283,32,70,,,,
2026-05-19T10:10:03+00:00,284,32,70,,,,
2026-05-19T10:12:18+00:00,285,33,70,,,,
2026-05-19T10:13:20+00:00,286,33,70,,,,
2026-05-19T10:14:25+00:00,287,33,69,,,,
2026-05-19T10:15:32+00:00,288,33,69,,,,
2026-05-19T10:16:34+00:00,289,33,69,,,,
2026-05-19T10:17:36+00:00,290,33,69,,,,
2026-05-19T10:18:43+00:00,291,33,69,,,,
2026-05-19T10:19:45+00:00,292,33,69,,,,
2026-05-19T10:20:47+00:00,293,33,69,,,,
2026-05-19T10:21:54+00:00,294,33,69,,,,
2026-05-19T10:22:56+00:00,295,33,69,,,,
2026-05-19T10:23:59+00:00,296,33,69,,,,
2026-05-19T10:25:02+00:00,297,33,69,,,,
2026-05-19T10:26:05+00:00,298,33,69,,,,
2026-05-19T10:27:08+00:00,299,33,69,,,,
2026-05-19T10:28:10+00:00,300,33,69,,,,
2026-05-19T10:29:12+00:00,301,33,69,,,,
2026-05-19T10:30:15+00:00,302,33,69,,,,
2026-05-19T10:31:18+00:00,303,33,69,,,,
2026-05-19T10:32:20+00:00,304,33,69,,,,
2026-05-19T10:33:22+00:00,305,33,69,,,,
2026-05-19T10:34:25+00:00,306,33,69,,,,
2026-05-19T10:35:27+00:00,307,33,69,,,,
2026-05-19T10:36:29+00:00,308,33,68,,,,
2026-05-19T10:37:32+00:00,309,33,68,,,,
2026-05-19T10:38:34+00:00,310,33,68,,,,
2026-05-19T10:39:37+00:00,311,33,68,,,,
2026-05-19T10:40:39+00:00,312,33,68,,,,
2026-05-19T10:41:45+00:00,313,33,68,,,,
2026-05-19T10:42:48+00:00,314,33,68,,,,
2026-05-19T10:43:51+00:00,315,33,68,,,,
2026-05-19T10:44:53+00:00,316,33,68,,,,
2026-05-19T10:45:56+00:00,317,33,68,,,,
2026-05-19T10:46:58+00:00,318,33,68,,,,
2026-05-19T10:48:16+00:00,319,33,68,,,,
2026-05-19T10:49:18+00:00,320,33,68,,,,
2026-05-19T10:50:22+00:00,321,33,68,,,,
2026-05-19T10:51:46+00:00,322,33,68,,,,
2026-05-19T10:52:48+00:00,323,33,68,,,,
2026-05-19T10:53:51+00:00,324,33,68,,,,
2026-05-19T10:54:53+00:00,325,33,68,,,,
2026-05-19T10:55:58+00:00,326,33,68,,,,
2026-05-19T10:57:01+00:00,327,33,68,,,,
2026-05-19T10:58:03+00:00,328,33,68,,,,
2026-05-19T10:59:05+00:00,329,33,68,,,,
2026-05-19T11:00:10+00:00,330,33,68,,,,
2026-05-19T11:01:12+00:00,331,33,68,,,,
2026-05-19T11:02:14+00:00,332,33,68,,,,
2026-05-19T11:03:17+00:00,333,33,68,,,,
2026-05-19T11:04:19+00:00,334,33,68,,,,
2026-05-19T11:05:21+00:00,335,33,68,,,,
2026-05-19T11:06:27+00:00,336,33,68,,,,
2026-05-19T11:07:29+00:00,337,33,68,,,,
2026-05-19T11:08:32+00:00,338,33,68,,,,
2026-05-19T11:09:34+00:00,339,33,68,,,,
2026-05-19T11:10:36+00:00,340,33,68,,,,
2026-05-19T11:12:46+00:00,341,33,68,,,,
2026-05-19T11:13:48+00:00,342,33,68,,,,
2026-05-19T11:15:58+00:00,343,33,68,,,,
2026-05-19T11:17:01+00:00,344,33,68,,,,
2026-05-19T11:18:03+00:00,345,33,68,,,,
2026-05-19T11:19:05+00:00,346,33,68,,,,
2026-05-19T11:20:08+00:00,347,33,68,,,,
2026-05-19T11:21:10+00:00,348,33,68,,,,
2026-05-19T11:22:14+00:00,349,33,68,,,,
2026-05-19T11:23:16+00:00,350,33,67,,,,
2026-05-19T11:24:19+00:00,351,33,68,,,,
2026-05-19T11:25:21+00:00,352,33,68,,,,
2026-05-19T11:26:24+00:00,353,33,68,,,,
2026-05-19T11:27:26+00:00,354,33,68,,,,
2026-05-19T11:28:28+00:00,355,33,68,,,,
2026-05-19T11:29:31+00:00,356,33,68,,,,
2026-05-19T11:30:33+00:00,357,33,68,,,,
2026-05-19T11:31:39+00:00,358,33,68,,,,
2026-05-19T11:32:42+00:00,359,33,67,,,,
2026-05-19T11:33:44+00:00,360,33,67,,,,
2026-05-19T11:34:46+00:00,361,33,67,,,,
2026-05-19T11:35:49+00:00,362,33,67,,,,
2026-05-19T11:36:51+00:00,363,33,67,,,,
2026-05-19T11:37:53+00:00,364,33,67,,,,
2026-05-19T11:38:55+00:00,365,33,67,,,,
2026-05-19T11:39:58+00:00,366,33,67,,,,
2026-05-19T11:41:01+00:00,367,33,67,,,,
2026-05-19T11:42:03+00:00,368,33,67,,,,
2026-05-19T11:43:05+00:00,369,33,67,,,,
2026-05-19T11:44:08+00:00,370,33,67,,,,
2026-05-19T11:45:10+00:00,371,33,67,,,,
2026-05-19T11:46:21+00:00,372,33,68,,,,
2026-05-19T11:47:23+00:00,373,33,68,,,,
2026-05-19T11:48:25+00:00,374,33,68,,,,
2026-05-19T11:49:28+00:00,375,33,68,,,,
2026-05-19T11:51:37+00:00,376,33,68,,,,
2026-05-19T11:52:40+00:00,377,33,68,,,,
2026-05-19T11:53:42+00:00,378,33,68,,,,
2026-05-19T11:54:48+00:00,379,33,68,,,,
2026-05-19T11:55:50+00:00,380,33,68,,,,
2026-05-19T11:56:52+00:00,381,33,68,,,,
2026-05-19T11:57:57+00:00,382,33,68,,,,
2026-05-19T11:58:59+00:00,383,33,68,,,,
2026-05-19T12:00:01+00:00,384,33,68,,,,
2026-05-19T12:01:04+00:00,385,33,67,,,,
2026-05-19T12:02:06+00:00,386,33,67,,,,
2026-05-19T12:03:09+00:00,387,33,67,,,,
2026-05-19T12:04:23+00:00,388,33,67,,,,
2026-05-19T12:05:26+00:00,389,33,67,,,,
2026-05-19T12:06:28+00:00,390,33,67,,,,
2026-05-19T12:07:31+00:00,391,33,67,,,,
2026-05-19T12:09:40+00:00,392,33,67,,,,
2026-05-19T12:10:43+00:00,393,33,66,,,,
2026-05-19T12:11:45+00:00,394,33,66,,,,
2026-05-19T12:13:03+00:00,395,33,66,,,,
2026-05-19T12:14:05+00:00,396,33,66,,,,
2026-05-19T12:15:08+00:00,397,33,66,,,,
2026-05-19T12:16:11+00:00,398,33,66,,,,
2026-05-19T12:17:14+00:00,399,33,66,,,,
2026-05-19T12:18:16+00:00,400,32,66,,,,
2026-05-19T12:19:18+00:00,401,32,66,,,,
2026-05-19T12:20:27+00:00,402,33,66,,,,
2026-05-19T12:21:29+00:00,403,33,66,,,,
2026-05-19T12:22:32+00:00,404,32,66,,,,
2026-05-19T12:23:34+00:00,405,32,67,,,,
2026-05-19T12:24:36+00:00,406,32,68,,,,
2026-05-19T12:25:45+00:00,407,32,68,,,,
2026-05-19T12:26:48+00:00,408,32,69,,,,
2026-05-19T12:27:50+00:00,409,32,69,,,,
2026-05-19T12:28:53+00:00,410,32,69,,,,
2026-05-19T12:29:55+00:00,411,32,69,,,,
2026-05-19T12:30:57+00:00,412,32,69,,,,
2026-05-19T12:31:56+00:00,413,32,69,,,,
2026-05-19T12:32:59+00:00,414,32,69,,,,
2026-05-19T12:35:08+00:00,415,32,69,,,,
2026-05-19T12:36:11+00:00,416,32,69,,,,
2026-05-19T12:37:13+00:00,417,32,69,,,,
2026-05-19T12:38:15+00:00,418,32,69,,,,
2026-05-19T12:39:40+00:00,419,32,69,,,,
2026-05-19T12:40:43+00:00,420,32,69,,,,
2026-05-19T12:41:45+00:00,421,32,70,,,,
2026-05-19T12:42:59+00:00,422,32,70,,,,
2026-05-19T12:44:01+00:00,423,32,70,,,,
2026-05-19T12:45:03+00:00,424,32,70,,,,
2026-05-19T12:46:06+00:00,425,32,70,,,,
2026-05-19T12:47:08+00:00,426,32,70,,,,
2026-05-19T12:48:10+00:00,427,32,71,,,,
2026-05-19T12:49:12+00:00,428,32,71,,,,
2026-05-19T12:50:15+00:00,429,32,71,,,,
2026-05-19T12:51:17+00:00,430,32,71,,,,
2026-05-19T12:52:24+00:00,431,33,71,,,,
2026-05-19T12:53:26+00:00,432,33,71,,,,
2026-05-19T12:54:29+00:00,433,33,71,,,,
2026-05-19T12:55:31+00:00,434,33,71,,,,
2026-05-19T12:56:39+00:00,435,33,71,,,,
2026-05-19T12:57:42+00:00,436,33,71,,,,
2026-05-19T12:58:56+00:00,437,33,72,,,,
2026-05-19T12:59:58+00:00,438,33,72,,,,
2026-05-19T13:01:00+00:00,439,33,72,,,,
2026-05-19T13:02:03+00:00,440,33,72,,,,
2026-05-19T13:03:05+00:00,441,33,72,,,,
2026-05-19T13:04:07+00:00,442,33,72,,,,
2026-05-19T13:05:10+00:00,443,32,72,,,,
2026-05-19T13:06:12+00:00,444,32,72,,,,
2026-05-19T13:07:14+00:00,445,32,72,,,,
2026-05-19T13:08:16+00:00,446,32,72,,,,
2026-05-19T13:09:19+00:00,447,32,73,,,,
2026-05-19T13:11:28+00:00,448,32,74,,,,
2026-05-19T13:12:31+00:00,449,32,75,,,,
2026-05-19T13:13:33+00:00,450,32,75,,,,
2026-05-19T13:14:35+00:00,451,32,74,,,,
2026-05-19T13:15:48+00:00,452,32,74,,,,
2026-05-19T13:16:50+00:00,453,32,73,,,,
2026-05-19T13:17:52+00:00,454,32,73,,,,
2026-05-19T13:18:55+00:00,455,32,73,,,,
2026-05-19T13:19:58+00:00,456,32,73,,,,
2026-05-19T13:21:04+00:00,457,32,72,,,,
2026-05-19T13:22:07+00:00,458,32,72,,,,
2026-05-19T13:23:09+00:00,459,32,72,,,,
2026-05-19T13:24:11+00:00,460,32,72,,,,
2026-05-19T13:25:14+00:00,461,32,72,,,,
2026-05-19T13:26:20+00:00,462,32,72,,,,
2026-05-19T13:27:23+00:00,463,32,72,,,,
2026-05-19T13:28:25+00:00,464,32,72,,,,
2026-05-19T13:29:44+00:00,465,32,72,,,,
2026-05-19T13:30:46+00:00,466,32,72,,,,
2026-05-19T13:31:49+00:00,467,32,72,,,,
2026-05-19T13:32:58+00:00,468,32,72,,,,
2026-05-19T13:34:01+00:00,469,32,72,,,,
2026-05-19T13:35:03+00:00,470,32,72,,,,
2026-05-19T13:36:05+00:00,471,32,72,,,,
2026-05-19T13:37:07+00:00,472,32,72,,,,
2026-05-19T13:38:18+00:00,473,32,72,,,,
2026-05-19T13:39:20+00:00,474,32,72,,,,
2026-05-19T13:40:22+00:00,475,32,72,,,,
2026-05-19T13:41:25+00:00,476,33,72,,,,
2026-05-19T13:43:34+00:00,477,32,72,,,,
2026-05-19T13:44:36+00:00,478,32,72,,,,
2026-05-19T13:45:39+00:00,479,32,72,,,,
2026-05-19T13:46:41+00:00,480,32,73,,,,
2026-05-19T13:48:51+00:00,481,32,73,,,,
2026-05-19T13:49:53+00:00,482,32,73,,,,
2026-05-19T13:50:56+00:00,483,32,73,,,,
2026-05-19T13:52:00+00:00,484,32,73,,,,
2026-05-19T13:53:02+00:00,485,32,73,,,,
2026-05-19T13:54:05+00:00,486,32,73,,,,
2026-05-19T13:55:07+00:00,487,32,73,,,,
2026-05-19T13:56:10+00:00,488,32,73,,,,
2026-05-19T13:57:12+00:00,489,32,73,,,,
2026-05-19T13:58:15+00:00,490,32,73,,,,
2026-05-19T13:59:18+00:00,491,32,72,,,,
2026-05-19T14:00:23+00:00,492,32,74,,,,
2026-05-19T14:01:26+00:00,493,32,74,,,,
2026-05-19T14:02:28+00:00,494,32,74,,,,
2026-05-19T14:03:30+00:00,495,32,73,,,,
2026-05-19T14:04:33+00:00,496,32,73,,,,
2026-05-19T14:05:50+00:00,497,32,73,,,,
2026-05-19T14:06:52+00:00,498,32,73,,,,
2026-05-19T14:07:55+00:00,499,32,73,,,,
2026-05-19T14:08:57+00:00,500,32,73,,,,
2026-05-19T14:10:00+00:00,501,32,73,,,,
2026-05-19T14:11:02+00:00,502,32,73,,,,
2026-05-19T14:12:05+00:00,503,32,73,,,,
2026-05-19T14:13:07+00:00,504,32,73,,,,
2026-05-19T14:14:10+00:00,505,32,73,,,,
2026-05-19T14:15:12+00:00,506,32,73,,,,
2026-05-19T14:16:15+00:00,507,32,73,,,,
2026-05-19T14:17:17+00:00,508,32,73,,,,
2026-05-19T14:18:20+00:00,509,32,73,,,,
2026-05-19T14:19:22+00:00,510,32,73,,,,
2026-05-19T14:20:25+00:00,511,32,73,,,,
2026-05-19T14:21:28+00:00,512,32,73,,,,
2026-05-19T14:22:31+00:00,513,32,73,,,,
2026-05-19T14:23:33+00:00,514,32,73,,,,
2026-05-19T14:24:36+00:00,515,32,73,,,,
2026-05-19T14:25:39+00:00,516,32,73,,,,
2026-05-19T14:26:41+00:00,517,32,73,,,,
2026-05-19T14:27:44+00:00,518,32,73,,,,
2026-05-19T14:28:46+00:00,519,32,73,,,,
2026-05-19T14:29:49+00:00,520,32,73,,,,
2026-05-19T14:30:51+00:00,521,32,73,,,,
2026-05-19T14:31:54+00:00,522,32,73,,,,
2026-05-19T14:32:56+00:00,523,32,73,,,,
2026-05-19T14:33:58+00:00,524,32,73,,,,
2026-05-19T14:35:01+00:00,525,32,73,,,,
2026-05-19T14:36:03+00:00,526,32,73,,,,
2026-05-19T14:37:06+00:00,527,32,73,,,,
2026-05-19T14:38:09+00:00,528,32,73,,,,
2026-05-19T14:39:11+00:00,529,32,73,,,,
2026-05-19T14:40:13+00:00,530,32,73,,,,
2026-05-19T14:41:16+00:00,531,32,73,,,,
2026-05-19T14:42:19+00:00,532,32,73,,,,
2026-05-19T14:43:21+00:00,533,32,73,,,,
2026-05-19T14:44:24+00:00,534,32,74,,,,
2026-05-19T14:45:26+00:00,535,32,74,,,,
2026-05-19T14:46:29+00:00,536,32,74,,,,
2026-05-19T14:47:32+00:00,537,32,74,,,,
2026-05-19T14:48:36+00:00,538,32,74,,,,
2026-05-19T14:49:38+00:00,539,32,74,,,,
2026-05-19T14:50:41+00:00,540,32,74,,,,
2026-05-19T14:51:43+00:00,541,32,73,,,,
2026-05-19T14:52:46+00:00,542,32,73,,,,
2026-05-19T14:53:48+00:00,543,32,73,,,,
2026-05-19T14:54:50+00:00,544,32,73,,,,
2026-05-19T14:55:53+00:00,545,32,74,,,,
2026-05-19T14:56:55+00:00,546,32,74,,,,
2026-05-19T14:57:58+00:00,547,32,74,,,,
2026-05-19T14:59:00+00:00,548,32,74,,,,
2026-05-19T15:00:02+00:00,549,32,73,,,,
2026-05-19T15:01:05+00:00,550,32,73,,,,
2026-05-19T15:02:08+00:00,551,32,73,,,,
2026-05-19T15:03:10+00:00,552,32,73,,,,
2026-05-19T15:04:13+00:00,553,32,73,,,,
2026-05-19T15:05:08+00:00,554,32,73,,,,
2026-05-19T15:06:10+00:00,555,32,73,,,,
2026-05-19T15:07:13+00:00,556,32,73,,,,
2026-05-19T15:08:15+00:00,557,32,73,,,,
2026-05-19T15:09:18+00:00,558,32,74,,,,
2026-05-19T15:10:20+00:00,559,32,75,,,,
2026-05-19T15:11:22+00:00,560,32,74,,,,
2026-05-19T15:12:25+00:00,561,32,75,,,,
2026-05-19T15:13:27+00:00,562,32,75,,,,
2026-05-19T15:14:29+00:00,563,32,75,,,,
2026-05-19T15:15:31+00:00,564,32,75,,,,
2026-05-19T15:16:34+00:00,565,32,75,,,,
2026-05-19T15:17:36+00:00,566,32,75,,,,
2026-05-19T15:18:38+00:00,567,32,75,,,,
2026-05-19T15:19:41+00:00,568,32,75,,,,
2026-05-19T15:20:43+00:00,569,32,75,,,,
2026-05-19T15:21:46+00:00,570,32,75,,,,
2026-05-19T15:22:48+00:00,571,32,75,,,,
2026-05-19T15:23:50+00:00,572,32,75,,,,
2026-05-19T15:24:53+00:00,573,32,75,,,,
2026-05-19T15:25:56+00:00,574,32,75,,,,
2026-05-19T15:26:59+00:00,575,32,75,,,,
2026-05-19T15:28:02+00:00,576,32,75,,,,
2026-05-19T15:29:05+00:00,577,32,75,,,,
2026-05-19T15:30:09+00:00,578,32,75,,,,
2026-05-19T15:31:11+00:00,579,32,75,,,,
2026-05-19T15:32:13+00:00,580,32,75,,,,
2026-05-19T15:33:16+00:00,581,32,75,,,,
2026-05-19T15:34:18+00:00,582,32,75,,,,
2026-05-19T15:35:20+00:00,583,32,75,,,,
2026-05-19T15:37:41+00:00,584,32,75,,,,
2026-05-19T15:38:44+00:00,585,32,75,,,,
2026-05-19T15:39:46+00:00,586,32,75,,,,
2026-05-19T15:40:48+00:00,587,32,75,,,,
2026-05-19T15:41:50+00:00,588,32,75,,,,
2026-05-19T15:42:53+00:00,589,32,75,,,,
2026-05-19T15:43:55+00:00,590,32,75,,,,
2026-05-19T15:44:58+00:00,591,32,75,,,,
2026-05-19T15:46:00+00:00,592,32,75,,,,
2026-05-19T15:47:02+00:00,593,32,75,,,,
2026-05-19T15:48:05+00:00,594,32,75,,,,
2026-05-19T15:49:08+00:00,595,32,75,,,,
2026-05-19T15:50:10+00:00,596,32,75,,,,
2026-05-19T15:51:12+00:00,597,32,75,,,,
2026-05-19T15:52:15+00:00,598,32,75,,,,
2026-05-19T15:53:17+00:00,599,32,75,,,,
2026-05-19T15:54:19+00:00,600,32,75,,,,
2026-05-19T15:55:22+00:00,601,32,75,,,,
2026-05-19T15:56:24+00:00,602,32,75,,,,
2026-05-19T15:57:27+00:00,603,32,75,,,,
2026-05-19T15:58:29+00:00,604,32,75,,,,
2026-05-19T15:59:31+00:00,605,32,75,,,,
2026-05-19T16:00:34+00:00,606,32,75,,,,
2026-05-19T16:01:36+00:00,607,32,75,,,,
2026-05-19T16:02:38+00:00,608,32,75,,,,
2026-05-19T16:03:41+00:00,609,32,75,,,,
2026-05-19T16:04:43+00:00,610,32,75,,,,
2026-05-19T16:05:45+00:00,611,32,75,,,,
2026-05-19T16:06:48+00:00,612,32,75,,,,
2026-05-19T16:07:50+00:00,613,32,75,,,,
2026-05-19T16:08:52+00:00,614,32,75,,,,
2026-05-19T16:09:55+00:00,615,32,75,,,,
2026-05-19T16:10:57+00:00,616,32,75,,,,
2026-05-19T16:12:00+00:00,617,32,75,,,,
2026-05-19T16:13:02+00:00,618,32,75,,,,
2026-05-19T16:14:04+00:00,619,32,75,,,,
2026-05-19T16:15:06+00:00,620,32,75,,,,
2026-05-19T16:16:09+00:00,621,32,75,,,,
2026-05-19T16:17:11+00:00,622,32,75,,,,
2026-05-19T16:18:13+00:00,623,32,75,,,,
2026-05-19T16:19:16+00:00,624,32,75,,,,
2026-05-19T16:20:18+00:00,625,32,75,,,,
2026-05-19T16:21:20+00:00,626,32,75,,,,
2026-05-19T16:22:23+00:00,627,32,75,,,,
2026-05-19T16:23:25+00:00,628,32,75,,,,
2026-05-19T16:24:27+00:00,629,32,75,,,,
2026-05-19T16:25:30+00:00,630,32,75,,,,
2026-05-19T16:26:32+00:00,631,32,75,,,,
2026-05-19T16:27:34+00:00,632,32,75,,,,
2026-05-19T16:28:37+00:00,633,32,75,,,,
2026-05-19T16:29:39+00:00,634,32,75,,,,
2026-05-19T16:30:41+00:00,635,32,75,,,,
2026-05-19T16:31:44+00:00,636,32,75,,,,
2026-05-19T16:32:46+00:00,637,32,75,,,,
2026-05-19T16:33:48+00:00,638,32,75,,,,
2026-05-19T16:34:51+00:00,639,32,75,,,,
2026-05-19T16:35:53+00:00,640,32,75,,,,
2026-05-19T16:36:56+00:00,641,32,75,,,,
2026-05-19T16:37:58+00:00,642,32,75,,,,
2026-05-19T16:39:00+00:00,643,32,75,,,,
2026-05-19T16:40:04+00:00,644,32,75,,,,
2026-05-19T16:41:06+00:00,645,32,75,,,,
2026-05-19T16:42:08+00:00,646,32,75,,,,
2026-05-19T16:43:11+00:00,647,32,75,,,,
2026-05-19T16:44:13+00:00,648,32,75,,,,
2026-05-19T16:45:16+00:00,649,32,75,,,,
2026-05-19T16:46:18+00:00,650,32,75,,,,
2026-05-19T16:47:20+00:00,651,32,75,,,,
2026-05-19T16:48:23+00:00,652,32,75,,,,
2026-05-19T16:49:25+00:00,653,32,75,,,,
2026-05-19T16:50:28+00:00,654,32,75,,,,
2026-05-19T16:51:30+00:00,655,32,74,,,,
2026-05-19T16:52:33+00:00,656,32,74,,,,
2026-05-19T16:53:43+00:00,657,32,74,,,,
2026-05-19T16:54:45+00:00,658,32,74,,,,
2026-05-19T16:55:48+00:00,659,32,74,,,,
2026-05-19T16:56:50+00:00,660,32,74,,,,
2026-05-19T16:57:52+00:00,661,32,74,,,,
2026-05-19T16:58:54+00:00,662,32,74,,,,
2026-05-19T16:59:57+00:00,663,32,74,,,,
2026-05-19T17:00:59+00:00,664,32,74,,,,
2026-05-19T17:02:02+00:00,665,32,74,,,,
2026-05-19T17:03:04+00:00,666,32,74,,,,
2026-05-19T17:04:06+00:00,667,32,74,,,,
2026-05-19T17:05:09+00:00,668,32,74,,,,
2026-05-19T17:06:11+00:00,669,32,74,,,,
2026-05-19T17:07:13+00:00,670,32,74,,,,
2026-05-19T17:08:15+00:00,671,32,74,,,,
2026-05-19T17:09:18+00:00,672,32,74,,,,
2026-05-19T17:10:20+00:00,673,32,74,,,,
2026-05-19T17:11:22+00:00,674,32,74,,,,
2026-05-19T17:12:25+00:00,675,32,74,,,,
2026-05-19T17:13:27+00:00,676,32,74,,,,
2026-05-19T17:14:29+00:00,677,32,74,,,,
2026-05-19T17:15:32+00:00,678,32,74,,,,
2026-05-19T17:16:35+00:00,679,32,74,,,,
2026-05-19T17:17:37+00:00,680,32,74,,,,
2026-05-19T17:18:40+00:00,681,32,74,,,,
2026-05-19T17:19:42+00:00,682,31,74,,,,
2026-05-19T17:20:45+00:00,683,32,74,,,,
2026-05-19T17:21:47+00:00,684,32,74,,,,
2026-05-19T17:22:50+00:00,685,32,74,,,,
2026-05-19T17:23:52+00:00,686,32,74,,,,
2026-05-19T17:24:54+00:00,687,32,74,,,,
2026-05-19T17:25:57+00:00,688,32,74,,,,
2026-05-19T17:27:00+00:00,689,32,74,,,,
2026-05-19T17:28:02+00:00,690,32,74,,,,
2026-05-19T17:29:05+00:00,691,32,74,,,,
2026-05-19T17:30:07+00:00,692,32,74,,,,
2026-05-19T17:31:09+00:00,693,32,74,,,,
2026-05-19T17:32:12+00:00,694,32,74,,,,
2026-05-19T17:33:14+00:00,695,32,74,,,,
2026-05-19T17:34:17+00:00,696,32,74,,,,
2026-05-19T17:35:20+00:00,697,32,74,,,,
2026-05-19T17:36:23+00:00,698,32,74,,,,
2026-05-19T17:37:25+00:00,699,32,74,,,,
2026-05-19T17:38:28+00:00,700,32,74,,,,
2026-05-19T17:39:31+00:00,701,32,74,,,,
2026-05-19T17:40:33+00:00,702,31,74,,,,
2026-05-19T17:41:36+00:00,703,31,74,,,,
2026-05-19T17:42:38+00:00,704,31,74,,,,
2026-05-19T17:43:40+00:00,705,31,74,,,,
2026-05-19T17:44:43+00:00,706,31,74,,,,
2026-05-19T17:45:45+00:00,707,31,74,,,,
2026-05-19T17:46:48+00:00,708,31,74,,,,
2026-05-19T17:47:50+00:00,709,31,74,,,,
2026-05-19T17:48:53+00:00,710,31,74,,,,
2026-05-19T17:49:55+00:00,711,31,74,,,,
2026-05-19T17:50:57+00:00,712,31,74,,,,
2026-05-19T17:52:00+00:00,713,31,74,,,,
2026-05-19T17:53:02+00:00,714,31,74,,,,
2026-05-19T17:54:05+00:00,715,31,74,,,,
2026-05-19T17:55:07+00:00,716,31,74,,,,
2026-05-19T17:56:10+00:00,717,31,74,,,,
2026-05-19T17:57:12+00:00,718,31,74,,,,
2026-05-19T17:58:15+00:00,719,31,74,,,,
2026-05-19T17:59:17+00:00,720,31,74,,,,
2026-05-19T18:00:20+00:00,721,31,74,,,,
2026-05-19T18:01:22+00:00,722,31,74,,,,
2026-05-19T18:02:24+00:00,723,31,74,,,,
2026-05-19T18:03:27+00:00,724,31,74,,,,
2026-05-19T18:04:29+00:00,725,31,74,,,,
2026-05-19T18:05:32+00:00,726,31,74,,,,
2026-05-19T18:06:34+00:00,727,31,74,,,,
2026-05-19T18:07:36+00:00,728,31,74,,,,
2026-05-19T18:08:38+00:00,729,31,74,,,,
2026-05-19T18:09:41+00:00,730,31,74,,,,
2026-05-19T18:10:43+00:00,731,31,74,,,,
2026-05-19T18:11:45+00:00,732,31,74,,,,
2026-05-19T18:12:47+00:00,733,31,74,,,,
2026-05-19T18:13:50+00:00,734,31,74,,,,
2026-05-19T18:14:52+00:00,735,31,74,,,,
2026-05-19T18:15:54+00:00,736,31,74,,,,
2026-05-19T18:16:57+00:00,737,31,74,,,,
2026-05-19T18:17:59+00:00,738,31,74,,,,
2026-05-19T18:19:01+00:00,739,31,74,,,,
2026-05-19T18:20:03+00:00,740,31,74,,,,
2026-05-19T18:21:07+00:00,741,31,74,,,,
2026-05-19T18:22:10+00:00,742,31,74,,,,
2026-05-19T18:23:12+00:00,743,31,74,,,,
2026-05-19T18:24:14+00:00,744,31,74,,,,
2026-05-19T18:25:16+00:00,745,31,74,,,,
2026-05-19T18:26:19+00:00,746,31,74,,,,
2026-05-19T18:27:21+00:00,747,31,74,,,,
2026-05-19T18:28:23+00:00,748,31,74,,,,
2026-05-19T18:29:25+00:00,749,31,74,,,,
2026-05-19T18:30:28+00:00,750,31,74,,,,
2026-05-19T18:31:30+00:00,751,31,74,,,,
2026-05-19T18:32:33+00:00,752,31,74,,,,
2026-05-19T18:33:35+00:00,753,31,74,,,,
2026-05-19T18:34:38+00:00,754,31,74,,,,
2026-05-19T18:35:40+00:00,755,31,74,,,,
2026-05-19T18:36:42+00:00,756,31,74,,,,
2026-05-19T18:37:45+00:00,757,31,74,,,,
2026-05-19T18:38:47+00:00,758,31,74,,,,
2026-05-19T18:39:49+00:00,759,31,74,,,,
2026-05-19T18:40:52+00:00,760,31,74,,,,
2026-05-19T18:41:54+00:00,761,31,74,,,,
2026-05-19T18:42:56+00:00,762,31,74,,,,
2026-05-19T18:43:58+00:00,763,31,74,,,,
2026-05-19T18:45:01+00:00,764,31,74,,,,
2026-05-19T18:46:03+00:00,765,31,74,,,,
2026-05-19T18:47:05+00:00,766,31,74,,,,
2026-05-19T18:48:08+00:00,767,31,74,,,,
2026-05-19T18:49:11+00:00,768,31,74,,,,
2026-05-19T18:50:13+00:00,769,31,74,,,,
2026-05-19T18:51:15+00:00,770,31,74,,,,
2026-05-19T18:52:18+00:00,771,31,74,,,,
2026-05-19T18:53:20+00:00,772,31,74,,,,
2026-05-20T01:43:49+00:00,773,30,81,,,,
2026-05-20T01:44:51+00:00,774,30,82,,,,
2026-05-20T01:45:54+00:00,775,30,82,,,,
2026-05-20T01:46:57+00:00,776,30,82,,,,
2026-05-20T01:48:00+00:00,777,30,82,,,,
2026-05-20T01:49:04+00:00,778,30,82,,,,
2026-05-20T01:50:07+00:00,779,30,82,,,,
2026-05-20T01:53:25+00:00,780,30,82,,,,
2026-05-20T01:54:28+00:00,781,30,83,,,,
2026-05-20T01:55:31+00:00,782,30,83,,,,
2026-05-20T01:57:41+00:00,783,30,83,,,,
2026-05-20T01:58:44+00:00,784,30,83,,,,
2026-05-20T01:59:47+00:00,785,30,84,,,,
2026-05-20T02:00:50+00:00,786,30,84,,,,
2026-05-20T02:01:53+00:00,787,30,84,,,,
2026-05-20T02:02:56+00:00,788,30,84,,,,
2026-05-20T02:04:05+00:00,789,30,84,,,,
2026-05-20T02:05:08+00:00,790,30,85,,,,
2026-05-20T02:06:11+00:00,791,30,85,,,,
2026-05-20T02:07:14+00:00,792,30,85,,,,
2026-05-20T02:08:17+00:00,793,30,85,,,,
2026-05-20T02:09:22+00:00,794,30,85,,,,
2026-05-20T02:10:24+00:00,795,30,85,,,,
2026-05-20T02:11:28+00:00,796,30,85,,,,
2026-05-20T02:12:30+00:00,797,30,85,,,,
2026-05-20T02:13:36+00:00,798,30,85,,,,
2026-05-20T02:14:39+00:00,799,30,85,,,,
2026-05-20T02:15:42+00:00,800,30,85,,,,
2026-05-20T02:16:44+00:00,801,30,85,,,,
2026-05-20T02:17:49+00:00,802,30,85,,,,
2026-05-20T02:18:56+00:00,803,30,85,,,,
2026-05-20T02:19:59+00:00,804,30,85,,,,
2026-05-20T02:21:01+00:00,805,30,85,,,,
2026-05-20T02:23:11+00:00,806,30,85,,,,
2026-05-20T02:24:14+00:00,807,30,85,,,,
2026-05-20T02:25:22+00:00,808,30,85,,,,
2026-05-20T02:26:25+00:00,809,30,85,,,,
2026-05-20T02:27:27+00:00,810,30,85,,,,
2026-05-20T02:34:47+00:00,811,30,84,,,,
2026-05-20T02:35:52+00:00,812,30,83,,,,
2026-05-20T02:36:55+00:00,813,30,86,,,,
2026-05-20T02:37:57+00:00,814,30,86,,,,
2026-05-20T02:39:01+00:00,815,30,86,,,,
2026-05-20T02:41:11+00:00,816,30,86,,,,
2026-05-20T02:42:13+00:00,817,30,86,,,,
2026-05-20T02:43:16+00:00,818,30,85,,,,
2026-05-20T02:44:21+00:00,819,30,85,,,,
2026-05-20T02:45:24+00:00,820,30,85,,,,
2026-05-20T02:46:27+00:00,821,30,85,,,,
2026-05-20T02:47:30+00:00,822,30,85,,,,
2026-05-20T02:48:33+00:00,823,30,85,,,,
2026-05-20T02:49:39+00:00,824,30,85,,,,
2026-05-20T02:50:42+00:00,825,30,85,,,,
2026-05-20T02:51:45+00:00,826,30,85,,,,
2026-05-20T02:52:48+00:00,827,30,85,,,,
2026-05-20T02:53:53+00:00,828,30,85,,,,
2026-05-20T02:54:55+00:00,829,30,85,,,,
2026-05-20T02:55:58+00:00,830,30,85,,,,
2026-05-20T02:57:01+00:00,831,30,85,,,,
2026-05-20T02:58:06+00:00,832,30,85,,,,
2026-05-20T02:59:09+00:00,833,30,85,,,,
2026-05-20T03:00:12+00:00,834,30,84,,,,
2026-05-20T03:01:15+00:00,835,30,84,,,,
2026-05-20T03:02:20+00:00,836,30,84,,,,
2026-05-20T03:03:23+00:00,837,30,84,,,,
2026-05-20T03:04:25+00:00,838,30,84,,,,
2026-05-20T03:05:28+00:00,839,30,84,,,,
2026-05-20T03:06:31+00:00,840,30,84,,,,
2026-05-20T03:07:41+00:00,841,30,84,,,,
2026-05-20T03:08:44+00:00,842,30,84,,,,
2026-05-20T03:09:46+00:00,843,30,84,,,,
2026-05-20T03:10:49+00:00,844,30,84,,,,
2026-05-20T03:12:58+00:00,845,30,84,,,,
2026-05-20T03:14:01+00:00,846,30,83,,,,
2026-05-20T03:15:03+00:00,847,30,83,,,,
2026-05-20T03:16:06+00:00,848,30,83,,,,
2026-05-20T03:17:08+00:00,849,30,83,,,,
2026-05-20T03:18:10+00:00,850,30,83,,,,
2026-05-20T03:19:13+00:00,851,30,83,,,,
2026-05-20T03:20:15+00:00,852,30,83,,,,
2026-05-20T03:21:17+00:00,853,30,83,,,,
2026-05-20T03:22:20+00:00,854,30,83,,,,
2026-05-20T03:23:22+00:00,855,30,83,,,,
2026-05-20T03:24:25+00:00,856,30,83,,,,
2026-05-20T03:25:34+00:00,857,30,83,,,,
2026-05-20T03:26:36+00:00,858,30,82,,,,
2026-05-20T03:27:38+00:00,859,30,82,,,,
2026-05-20T03:28:41+00:00,860,30,82,,,,
2026-05-20T03:30:50+00:00,861,30,82,,,,
2026-05-20T03:31:53+00:00,862,30,82,,,,
2026-05-20T03:32:55+00:00,863,30,82,,,,
2026-05-20T03:33:57+00:00,864,30,81,,,,
2026-05-20T03:35:01+00:00,865,30,81,,,,
2026-05-20T03:36:03+00:00,866,30,81,,,,
2026-05-20T03:37:06+00:00,867,30,81,,,,
2026-05-20T03:38:17+00:00,868,30,81,,,,
2026-05-20T03:39:19+00:00,869,30,81,,,,
2026-05-20T03:40:22+00:00,870,30,81,,,,
2026-05-20T03:41:24+00:00,871,30,81,,,,
2026-05-20T03:42:27+00:00,872,30,81,,,,
2026-05-20T03:43:29+00:00,873,30,81,,,,
2026-05-20T03:45:39+00:00,874,30,81,,,,
2026-05-20T03:46:41+00:00,875,30,81,,,,
2026-05-20T03:47:44+00:00,876,30,81,,,,
2026-05-20T03:48:47+00:00,877,30,81,,,,
2026-05-20T03:49:49+00:00,878,30,81,,,,
2026-05-20T03:50:51+00:00,879,30,81,,,,
2026-05-20T03:51:54+00:00,880,30,81,,,,
2026-05-20T03:53:09+00:00,881,30,81,,,,
2026-05-20T03:54:11+00:00,882,30,81,,,,
2026-05-20T03:55:13+00:00,883,30,81,,,,
2026-05-20T03:56:16+00:00,884,30,81,,,,
2026-05-20T03:58:26+00:00,885,30,81,,,,
2026-05-20T03:59:28+00:00,886,30,81,,,,
2026-05-20T04:00:32+00:00,887,30,81,,,,
2026-05-20T04:01:34+00:00,888,30,81,,,,
2026-05-20T04:02:36+00:00,889,30,81,,,,
2026-05-20T04:03:43+00:00,890,30,81,,,,
2026-05-20T04:04:45+00:00,891,30,81,,,,
2026-05-20T04:05:47+00:00,892,30,81,,,,
2026-05-20T04:06:49+00:00,893,30,81,,,,
2026-05-20T04:07:52+00:00,894,30,81,,,,
2026-05-20T04:08:54+00:00,895,30,81,,,,
2026-05-20T04:09:57+00:00,896,30,81,,,,
2026-05-20T04:10:59+00:00,897,30,81,,,,
2026-05-20T04:12:01+00:00,898,30,81,,,,
2026-05-20T04:13:04+00:00,899,30,81,,,,
2026-05-20T04:14:06+00:00,900,30,81,,,,
2026-05-20T04:15:08+00:00,901,30,81,,,,
2026-05-20T04:16:10+00:00,902,30,81,,,,
2026-05-20T04:18:20+00:00,903,30,81,,,,
2026-05-20T04:19:22+00:00,904,30,81,,,,
2026-05-20T04:20:26+00:00,905,30,81,,,,
2026-05-20T04:21:29+00:00,906,30,81,,,,
2026-05-20T04:22:31+00:00,907,30,81,,,,
2026-05-20T04:23:35+00:00,908,30,81,,,,
2026-05-20T04:24:37+00:00,909,30,81,,,,
2026-05-20T04:25:40+00:00,910,30,81,,,,
2026-05-20T04:26:42+00:00,911,30,81,,,,
2026-05-20T04:27:44+00:00,912,30,81,,,,
2026-05-20T04:28:47+00:00,913,30,80,,,,
2026-05-20T04:29:49+00:00,914,30,80,,,,
2026-05-20T04:30:51+00:00,915,30,80,,,,
2026-05-20T04:31:54+00:00,916,30,80,,,,
2026-05-20T04:32:56+00:00,917,30,80,,,,
2026-05-20T04:33:59+00:00,918,30,80,,,,
2026-05-20T04:35:01+00:00,919,30,80,,,,
2026-05-20T04:36:03+00:00,920,30,80,,,,
2026-05-20T04:37:10+00:00,921,30,80,,,,
2026-05-20T04:38:13+00:00,922,30,80,,,,
2026-05-20T04:39:15+00:00,923,30,80,,,,
2026-05-20T04:40:26+00:00,924,30,80,,,,
2026-05-20T04:41:28+00:00,925,30,80,,,,
2026-05-20T04:42:31+00:00,926,30,80,,,,
2026-05-20T04:43:33+00:00,927,30,80,,,,
2026-05-20T04:44:36+00:00,928,30,80,,,,
2026-05-20T04:45:43+00:00,929,30,80,,,,
2026-05-20T04:46:45+00:00,930,30,80,,,,
2026-05-20T04:47:48+00:00,931,30,80,,,,
2026-05-20T04:49:57+00:00,932,30,80,,,,
2026-05-20T04:51:00+00:00,933,30,80,,,,
2026-05-20T04:52:02+00:00,934,30,80,,,,
2026-05-20T04:53:06+00:00,935,30,80,,,,
2026-05-20T04:54:09+00:00,936,30,80,,,,
2026-05-20T04:55:12+00:00,937,30,80,,,,
2026-05-20T04:56:14+00:00,938,30,80,,,,
2026-05-20T04:57:17+00:00,939,30,80,,,,
2026-05-20T04:58:19+00:00,940,30,80,,,,
2026-05-20T04:59:21+00:00,941,30,80,,,,
2026-05-20T05:00:23+00:00,942,30,79,,,,
2026-05-20T05:01:27+00:00,943,30,79,,,,
2026-05-20T05:02:29+00:00,944,30,79,,,,
2026-05-20T05:03:31+00:00,945,30,79,,,,
2026-05-20T05:04:34+00:00,946,31,79,,,,
2026-05-20T05:05:45+00:00,947,31,79,,,,
2026-05-20T05:06:57+00:00,948,31,79,,,,
2026-05-20T05:07:59+00:00,949,31,79,,,,
2026-05-20T05:09:02+00:00,950,31,79,,,,
2026-05-20T05:10:05+00:00,951,31,79,,,,
2026-05-20T05:11:07+00:00,952,31,79,,,,
2026-05-20T05:12:10+00:00,953,31,79,,,,
2026-05-20T05:13:12+00:00,954,31,79,,,,
2026-05-20T05:14:16+00:00,955,31,79,,,,
2026-05-20T05:15:18+00:00,956,31,79,,,,
2026-05-20T05:16:21+00:00,957,31,79,,,,
2026-05-20T05:17:23+00:00,958,31,79,,,,
2026-05-20T05:18:26+00:00,959,31,79,,,,
2026-05-20T05:19:28+00:00,960,31,79,,,,
2026-05-20T05:20:31+00:00,961,31,79,,,,
2026-05-20T05:21:33+00:00,962,31,79,,,,
2026-05-20T05:22:36+00:00,963,31,79,,,,
2026-05-20T05:23:38+00:00,964,30,79,,,,
2026-05-20T05:24:41+00:00,965,31,78,,,,
2026-05-20T05:25:43+00:00,966,31,78,,,,
2026-05-20T05:26:46+00:00,967,31,78,,,,
2026-05-20T05:27:49+00:00,968,31,78,,,,
2026-05-20T05:28:51+00:00,969,31,78,,,,
2026-05-20T05:29:54+00:00,970,31,78,,,,
2026-05-20T05:30:57+00:00,971,31,78,,,,
2026-05-20T05:32:00+00:00,972,31,78,,,,
2026-05-20T05:33:02+00:00,973,31,78,,,,
2026-05-20T05:34:05+00:00,974,31,79,,,,
2026-05-20T05:35:07+00:00,975,33,72,,,,
2026-05-20T05:36:10+00:00,976,32,71,,,,
2026-05-20T05:37:12+00:00,977,31,73,,,,
2026-05-20T05:38:15+00:00,978,31,75,,,,
2026-05-20T05:39:17+00:00,979,31,76,,,,
2026-05-20T05:40:19+00:00,980,31,76,,,,
2026-05-20T05:41:22+00:00,981,31,76,,,,
2026-05-20T05:42:24+00:00,982,31,77,,,,
2026-05-20T05:43:26+00:00,983,31,77,,,,
2026-05-20T05:44:29+00:00,984,31,76,,,,
2026-05-20T05:45:31+00:00,985,31,76,,,,
2026-05-20T05:46:34+00:00,986,31,76,,,,
2026-05-20T05:47:36+00:00,987,31,76,,,,
2026-05-20T05:48:39+00:00,988,31,76,,,,
2026-05-20T05:49:41+00:00,989,31,76,,,,
2026-05-20T05:50:43+00:00,990,31,76,,,,
2026-05-20T05:51:46+00:00,991,31,76,,,,
2026-05-20T05:52:48+00:00,992,31,75,,,,
2026-05-20T05:53:50+00:00,993,31,75,,,,
2026-05-20T05:54:53+00:00,994,31,75,,,,
2026-05-20T05:55:55+00:00,995,31,75,,,,
2026-05-20T05:56:58+00:00,996,31,75,,,,
2026-05-20T05:58:00+00:00,997,31,75,,,,
2026-05-20T05:59:03+00:00,998,31,75,,,,
2026-05-20T06:00:05+00:00,999,31,75,,,,
2026-05-20T06:01:08+00:00,1000,31,74,,,,
2026-05-20T06:02:10+00:00,1001,31,74,,,,
2026-05-20T06:03:12+00:00,1002,31,74,,,,
2026-05-20T06:04:15+00:00,1003,31,74,,,,
2026-05-20T06:05:17+00:00,1004,31,74,,,,
2026-05-20T06:06:19+00:00,1005,31,74,,,,
2026-05-20T06:07:22+00:00,1006,31,74,,,,
2026-05-20T06:08:24+00:00,1007,31,74,,,,
2026-05-20T06:09:26+00:00,1008,31,74,,,,
2026-05-20T06:10:29+00:00,1009,31,74,,,,
2026-05-20T06:11:31+00:00,1010,31,73,,,,
2026-05-20T06:12:34+00:00,1011,31,73,,,,
2026-05-20T06:13:36+00:00,1012,32,73,,,,
2026-05-20T06:14:38+00:00,1013,31,73,,,,
2026-05-20T06:15:41+00:00,1014,32,73,,,,
2026-05-20T06:16:43+00:00,1015,32,73,,,,
2026-05-20T06:17:45+00:00,1016,32,73,,,,
2026-05-20T06:18:48+00:00,1017,31,73,,,,
2026-05-20T06:19:50+00:00,1018,31,73,,,,
2026-05-20T06:20:52+00:00,1019,31,73,,,,
2026-05-20T06:21:55+00:00,1020,31,73,,,,
2026-05-20T06:22:57+00:00,1021,32,73,,,,
2026-05-20T06:24:00+00:00,1022,32,73,,,,
2026-05-20T06:25:02+00:00,1023,32,73,,,,
2026-05-20T06:26:05+00:00,1024,32,73,,,,
2026-05-20T06:27:07+00:00,1025,32,73,,,,
2026-05-20T06:28:09+00:00,1026,32,73,,,,
2026-05-20T06:29:12+00:00,1027,32,73,,,,
2026-05-20T06:30:14+00:00,1028,32,73,,,,
2026-05-20T06:31:17+00:00,1029,32,73,,,,
2026-05-20T06:32:20+00:00,1030,32,73,,,,
2026-05-20T06:33:22+00:00,1031,32,73,,,,
2026-05-20T06:34:24+00:00,1032,32,73,,,,
2026-05-20T06:35:27+00:00,1033,32,73,,,,
2026-05-20T06:36:29+00:00,1034,32,73,,,,
2026-05-20T06:37:31+00:00,1035,32,73,,,,
2026-05-20T06:38:34+00:00,1036,32,73,,,,
2026-05-20T06:39:36+00:00,1037,32,73,,,,
2026-05-20T06:40:42+00:00,1038,32,73,,,,
2026-05-20T06:41:44+00:00,1039,32,73,,,,
2026-05-20T06:42:47+00:00,1040,32,73,,,,
2026-05-20T06:43:49+00:00,1041,32,73,,,,
2026-05-20T06:44:51+00:00,1042,32,73,,,,
2026-05-20T06:45:54+00:00,1043,32,73,,,,
2026-05-20T06:46:56+00:00,1044,32,73,,,,
2026-05-20T06:47:58+00:00,1045,32,73,,,,
2026-05-20T06:49:03+00:00,1046,32,73,,,,
2026-05-20T06:50:05+00:00,1047,32,73,,,,
2026-05-20T06:51:08+00:00,1048,32,73,,,,
2026-05-20T06:52:10+00:00,1049,32,73,,,,
2026-05-20T06:53:13+00:00,1050,32,73,,,,
2026-05-20T06:54:15+00:00,1051,32,73,,,,
2026-05-20T06:55:19+00:00,1052,32,73,,,,
2026-05-20T06:56:28+00:00,1053,32,73,,,,
2026-05-20T06:57:34+00:00,1054,32,73,,,,
2026-05-20T06:58:37+00:00,1055,32,73,,,,
2026-05-20T06:59:39+00:00,1056,32,73,,,,
2026-05-20T07:00:42+00:00,1057,32,73,,,,
2026-05-20T07:01:44+00:00,1058,32,73,,,,
2026-05-20T07:02:47+00:00,1059,32,73,,,,
2026-05-20T07:03:49+00:00,1060,32,73,,,,
2026-05-20T07:04:52+00:00,1061,32,73,,,,
2026-05-20T07:05:54+00:00,1062,32,73,,,,
2026-05-20T07:06:57+00:00,1063,32,73,,,,
2026-05-20T07:07:59+00:00,1064,32,73,,,,
2026-05-20T07:09:01+00:00,1065,32,73,,,,
2026-05-20T07:10:05+00:00,1066,32,73,,,,
2026-05-20T07:11:07+00:00,1067,32,73,,,,
2026-05-20T07:12:09+00:00,1068,32,73,,,,
2026-05-20T07:13:12+00:00,1069,32,73,,,,
2026-05-20T07:14:14+00:00,1070,32,73,,,,
2026-05-20T07:15:17+00:00,1071,32,74,,,,
2026-05-20T07:16:19+00:00,1072,32,74,,,,
2026-05-20T07:17:21+00:00,1073,32,74,,,,
2026-05-20T07:18:24+00:00,1074,32,74,,,,
2026-05-20T07:19:27+00:00,1075,32,73,,,,
2026-05-20T07:20:29+00:00,1076,32,73,,,,
2026-05-20T07:21:32+00:00,1077,32,73,,,,
2026-05-20T07:22:34+00:00,1078,32,73,,,,
2026-05-20T07:23:36+00:00,1079,32,73,,,,
2026-05-20T07:24:39+00:00,1080,32,73,,,,
2026-05-20T07:25:41+00:00,1081,32,73,,,,
2026-05-20T07:26:44+00:00,1082,32,73,,,,
2026-05-20T07:27:46+00:00,1083,32,73,,,,
2026-05-20T07:28:49+00:00,1084,32,73,,,,
2026-05-20T07:29:52+00:00,1085,32,73,,,,
2026-05-20T07:30:54+00:00,1086,32,73,,,,
2026-05-20T07:31:56+00:00,1087,32,73,,,,
2026-05-20T07:32:59+00:00,1088,32,73,,,,
2026-05-20T07:34:01+00:00,1089,32,73,,,,
2026-05-20T07:35:03+00:00,1090,32,73,,,,
2026-05-20T07:36:06+00:00,1091,32,73,,,,
2026-05-20T07:37:08+00:00,1092,32,73,,,,
2026-05-20T07:38:46+00:00,1093,32,73,,,,
2026-05-20T07:39:48+00:00,1094,32,73,,,,
2026-05-20T07:40:54+00:00,1095,32,73,,,,
2026-05-20T07:41:56+00:00,1096,32,73,,,,
2026-05-20T07:42:58+00:00,1097,32,73,,,,
2026-05-20T07:44:09+00:00,1098,32,73,,,,
2026-05-20T07:45:11+00:00,1099,32,74,,,,
2026-05-20T07:46:14+00:00,1100,32,74,,,,
2026-05-20T07:47:16+00:00,1101,32,74,,,,
2026-05-20T07:48:20+00:00,1102,32,74,,,,
2026-05-20T07:49:22+00:00,1103,32,74,,,,
2026-05-20T07:50:24+00:00,1104,32,74,,,,
2026-05-20T07:51:27+00:00,1105,32,74,,,,
2026-05-20T07:52:29+00:00,1106,32,74,,,,
2026-05-20T07:53:32+00:00,1107,32,74,,,,
2026-05-20T07:54:34+00:00,1108,32,74,,,,
2026-05-20T07:55:37+00:00,1109,32,74,,,,
2026-05-20T07:56:39+00:00,1110,32,74,,,,
2026-05-20T07:57:41+00:00,1111,32,74,,,,
2026-05-20T07:58:44+00:00,1112,32,74,,,,
2026-05-20T07:59:46+00:00,1113,32,74,,,,
2026-05-20T08:01:00+00:00,1114,32,74,,,,
2026-05-20T08:02:02+00:00,1115,32,75,,,,
2026-05-20T08:03:05+00:00,1116,32,75,,,,
2026-05-20T08:04:07+00:00,1117,32,75,,,,
2026-05-20T08:05:09+00:00,1118,32,75,,,,
2026-05-20T08:06:13+00:00,1119,32,75,,,,
2026-05-20T08:07:16+00:00,1120,32,75,,,,
2026-05-20T08:08:18+00:00,1121,32,76,,,,
2026-05-20T08:09:22+00:00,1122,32,76,,,,
2026-05-20T08:10:24+00:00,1123,32,76,,,,
2026-05-20T08:11:27+00:00,1124,32,76,,,,
2026-05-20T08:12:29+00:00,1125,32,76,,,,
2026-05-20T08:13:35+00:00,1126,32,77,,,,
2026-05-20T08:14:38+00:00,1127,32,77,,,,
2026-05-20T08:15:41+00:00,1128,32,77,,,,
2026-05-20T08:16:46+00:00,1129,32,77,,,,
2026-05-20T08:17:48+00:00,1130,32,77,,,,
2026-05-20T08:18:51+00:00,1131,32,77,,,,
2026-05-20T08:19:53+00:00,1132,32,77,,,,
2026-05-20T08:21:00+00:00,1133,32,77,,,,
2026-05-20T08:22:03+00:00,1134,32,76,,,,
2026-05-20T08:23:06+00:00,1135,32,76,,,,
2026-05-20T08:24:08+00:00,1136,32,76,,,,
2026-05-20T08:25:11+00:00,1137,32,76,,,,
2026-05-20T08:26:13+00:00,1138,32,76,,,,
2026-05-20T08:27:16+00:00,1139,32,76,,,,
2026-05-20T08:28:19+00:00,1140,32,76,,,,
2026-05-20T08:29:26+00:00,1141,32,76,,,,
2026-05-20T08:30:28+00:00,1142,32,76,,,,
2026-05-20T08:31:30+00:00,1143,32,76,,,,
2026-05-20T08:32:33+00:00,1144,32,76,,,,
2026-05-20T08:33:35+00:00,1145,32,75,,,,
2026-05-20T08:34:38+00:00,1146,32,75,,,,
2026-05-20T08:35:40+00:00,1147,32,75,,,,
2026-05-20T08:36:43+00:00,1148,32,75,,,,
2026-05-20T08:37:45+00:00,1149,32,75,,,,
2026-05-20T08:38:48+00:00,1150,32,75,,,,
2026-05-20T08:39:50+00:00,1151,32,74,,,,
2026-05-20T08:40:53+00:00,1152,32,74,,,,
2026-05-20T08:41:56+00:00,1153,32,74,,,,
2026-05-20T08:42:59+00:00,1154,32,74,,,,
2026-05-20T08:44:01+00:00,1155,32,75,,,,
2026-05-20T08:45:04+00:00,1156,32,74,,,,
2026-05-20T08:46:07+00:00,1157,32,74,,,,
2026-05-20T08:47:09+00:00,1158,32,74,,,,
2026-05-20T08:48:11+00:00,1159,32,74,,,,
2026-05-20T08:49:14+00:00,1160,33,74,,,,
2026-05-20T08:50:17+00:00,1161,33,74,,,,
2026-05-20T08:51:20+00:00,1162,33,74,,,,
2026-05-20T08:52:22+00:00,1163,33,74,,,,
2026-05-20T08:53:25+00:00,1164,33,74,,,,
2026-05-20T08:54:27+00:00,1165,33,73,,,,
2026-05-20T08:55:29+00:00,1166,33,73,,,,
2026-05-20T08:56:31+00:00,1167,33,73,,,,
2026-05-20T08:57:34+00:00,1168,33,73,,,,
2026-05-20T08:58:37+00:00,1169,33,73,,,,
2026-05-20T08:59:39+00:00,1170,33,73,,,,
2026-05-20T09:00:41+00:00,1171,33,73,,,,
2026-05-20T09:01:44+00:00,1172,33,73,,,,
2026-05-20T09:02:47+00:00,1173,33,73,,,,
2026-05-20T09:03:50+00:00,1174,33,73,,,,
2026-05-20T09:04:52+00:00,1175,33,73,,,,
2026-05-20T09:05:55+00:00,1176,33,73,,,,
2026-05-20T09:06:57+00:00,1177,33,73,,,,
2026-05-20T09:08:00+00:00,1178,33,73,,,,
2026-05-20T09:09:02+00:00,1179,33,73,,,,
2026-05-20T09:10:05+00:00,1180,33,73,,,,
2026-05-20T09:11:07+00:00,1181,33,73,,,,
2026-05-20T09:12:10+00:00,1182,33,73,,,,
2026-05-20T09:13:13+00:00,1183,33,73,,,,
2026-05-20T09:14:15+00:00,1184,33,73,,,,
2026-05-20T09:15:18+00:00,1185,33,73,,,,
2026-05-20T09:16:20+00:00,1186,33,73,,,,
2026-05-20T09:17:22+00:00,1187,33,73,,,,
2026-05-20T09:18:24+00:00,1188,33,73,,,,
2026-05-20T09:19:26+00:00,1189,33,73,,,,
2026-05-20T09:20:29+00:00,1190,33,73,,,,
2026-05-20T09:21:31+00:00,1191,33,73,,,,
2026-05-20T09:22:34+00:00,1192,33,73,,,,
2026-05-20T09:23:37+00:00,1193,33,73,,,,
2026-05-20T09:24:39+00:00,1194,33,73,,,,
2026-05-20T09:25:42+00:00,1195,33,72,,,,
2026-05-20T09:26:44+00:00,1196,33,72,,,,
2026-05-20T09:27:46+00:00,1197,33,72,,,,
2026-05-20T09:28:48+00:00,1198,33,71,,,,
2026-05-20T09:29:51+00:00,1199,33,71,,,,
2026-05-20T09:30:53+00:00,1200,33,71,,,,
2026-05-20T09:31:56+00:00,1201,33,71,,,,
2026-05-20T09:32:58+00:00,1202,33,71,,,,
2026-05-20T09:34:01+00:00,1203,33,71,,,,
2026-05-20T09:35:04+00:00,1204,33,71,,,,
2026-05-20T09:36:06+00:00,1205,33,71,,,,
2026-05-20T09:37:09+00:00,1206,33,71,,,,
2026-05-20T09:38:12+00:00,1207,33,71,,,,
2026-05-20T09:39:14+00:00,1208,33,70,,,,
2026-05-20T09:40:18+00:00,1209,33,70,,,,
2026-05-20T09:41:20+00:00,1210,33,70,,,,
2026-05-20T09:42:23+00:00,1211,33,70,,,,
2026-05-20T09:43:26+00:00,1212,33,70,,,,
2026-05-20T09:44:28+00:00,1213,33,70,,,,
2026-05-20T09:45:31+00:00,1214,33,70,,,,
2026-05-20T09:46:33+00:00,1215,33,70,,,,
2026-05-20T09:47:36+00:00,1216,33,70,,,,
2026-05-20T09:48:39+00:00,1217,33,70,,,,
2026-05-20T09:49:41+00:00,1218,33,70,,,,
2026-05-20T09:50:44+00:00,1219,33,70,,,,
2026-05-20T09:51:47+00:00,1220,33,69,,,,
2026-05-20T09:52:50+00:00,1221,33,69,,,,
2026-05-20T09:53:53+00:00,1222,33,69,,,,
2026-05-20T09:54:55+00:00,1223,33,69,,,,
2026-05-20T09:55:58+00:00,1224,33,70,,,,
2026-05-20T09:57:00+00:00,1225,33,70,,,,
2026-05-20T09:58:03+00:00,1226,33,69,,,,
2026-05-20T09:59:06+00:00,1227,33,69,,,,
2026-05-20T10:00:08+00:00,1228,33,69,,,,
2026-05-20T10:01:11+00:00,1229,33,69,,,,
2026-05-20T10:02:14+00:00,1230,33,69,,,,
2026-05-20T10:07:47+00:00,1231,33,69,,,,
2026-05-20T10:08:49+00:00,1232,33,69,,,,
2026-05-20T10:09:52+00:00,1233,33,70,,,,
2026-05-20T10:10:55+00:00,1234,33,70,,,,
2026-05-20T10:11:58+00:00,1235,33,70,,,,
2026-05-20T10:13:00+00:00,1236,33,70,,,,
2026-05-20T10:14:03+00:00,1237,33,70,,,,
2026-05-20T10:15:06+00:00,1238,33,70,,,,
2026-05-20T10:16:09+00:00,1239,33,69,,,,
2026-05-20T10:17:11+00:00,1240,33,69,,,,
2026-05-20T10:18:14+00:00,1241,33,69,,,,
2026-05-20T10:19:17+00:00,1242,33,69,,,,
2026-05-20T10:20:20+00:00,1243,33,69,,,,
2026-05-20T10:21:22+00:00,1244,33,69,,,,
2026-05-20T10:22:25+00:00,1245,33,70,,,,
2026-05-20T10:23:28+00:00,1246,33,70,,,,
2026-05-20T10:24:30+00:00,1247,33,70,,,,
2026-05-20T10:25:33+00:00,1248,33,70,,,,
2026-05-20T10:26:36+00:00,1249,33,69,,,,
2026-05-20T10:27:39+00:00,1250,33,69,,,,
2026-05-20T10:28:41+00:00,1251,33,68,,,,
2026-05-20T10:29:44+00:00,1252,33,69,,,,
2026-05-20T10:30:47+00:00,1253,33,69,,,,
2026-05-20T10:31:50+00:00,1254,33,69,,,,
2026-05-20T10:32:52+00:00,1255,33,69,,,,
2026-05-20T10:33:55+00:00,1256,33,69,,,,
2026-05-20T10:34:59+00:00,1257,33,69,,,,
2026-05-20T10:36:01+00:00,1258,33,69,,,,
2026-05-20T10:37:04+00:00,1259,33,69,,,,
2026-05-20T10:38:06+00:00,1260,33,69,,,,
2026-05-20T10:39:10+00:00,1261,33,69,,,,
2026-05-20T10:40:12+00:00,1262,33,69,,,,
2026-05-20T10:41:15+00:00,1263,33,69,,,,
2026-05-20T10:42:18+00:00,1264,33,69,,,,
2026-05-20T10:43:21+00:00,1265,33,69,,,,
2026-05-20T10:44:24+00:00,1266,33,69,,,,
2026-05-20T10:45:27+00:00,1267,33,69,,,,
2026-05-20T10:46:30+00:00,1268,33,69,,,,
2026-05-20T10:47:32+00:00,1269,33,69,,,,
2026-05-20T10:48:35+00:00,1270,33,69,,,,
2026-05-20T10:49:37+00:00,1271,34,69,,,,
2026-05-20T10:50:40+00:00,1272,34,68,,,,
2026-05-20T10:51:42+00:00,1273,33,68,,,,
2026-05-20T10:52:44+00:00,1274,33,68,,,,
2026-05-20T10:53:48+00:00,1275,33,68,,,,
2026-05-20T10:54:50+00:00,1276,33,68,,,,
2026-05-20T10:56:59+00:00,1277,33,68,,,,
2026-05-20T10:58:02+00:00,1278,34,68,,,,
2026-05-20T10:59:04+00:00,1279,34,68,,,,
2026-05-20T11:00:06+00:00,1280,34,68,,,,
2026-05-20T11:01:09+00:00,1281,34,68,,,,
2026-05-20T11:02:11+00:00,1282,34,68,,,,
2026-05-20T11:03:13+00:00,1283,34,68,,,,
2026-05-20T11:04:16+00:00,1284,34,68,,,,
2026-05-20T11:05:18+00:00,1285,34,68,,,,
2026-05-20T11:06:21+00:00,1286,34,69,,,,
2026-05-20T11:07:23+00:00,1287,34,69,,,,
2026-05-20T11:08:25+00:00,1288,34,69,,,,
2026-05-20T11:09:28+00:00,1289,34,68,,,,
2026-05-20T11:10:30+00:00,1290,34,68,,,,
2026-05-20T11:11:33+00:00,1291,34,68,,,,
2026-05-20T11:12:36+00:00,1292,34,68,,,,
2026-05-20T11:13:38+00:00,1293,34,68,,,,
2026-05-20T11:14:40+00:00,1294,34,68,,,,
2026-05-20T11:15:43+00:00,1295,34,68,,,,
2026-05-20T11:16:45+00:00,1296,34,68,,,,
2026-05-20T11:17:48+00:00,1297,34,68,,,,
2026-05-20T11:18:50+00:00,1298,34,68,,,,
2026-05-20T11:19:53+00:00,1299,34,68,,,,
2026-05-20T11:20:55+00:00,1300,34,68,,,,
2026-05-20T11:21:57+00:00,1301,34,68,,,,
2026-05-20T11:23:00+00:00,1302,34,68,,,,
2026-05-20T11:30:15+00:00,1303,34,68,,,,
2026-05-20T11:31:17+00:00,1304,34,68,,,,
2026-05-20T11:32:20+00:00,1305,34,68,,,,
2026-05-20T11:33:24+00:00,1306,34,68,,,,
2026-05-20T11:34:26+00:00,1307,34,68,,,,
2026-05-20T11:35:28+00:00,1308,34,68,,,,
2026-05-20T11:36:31+00:00,1309,34,68,,,,
2026-05-20T11:37:33+00:00,1310,34,68,,,,
2026-05-20T11:38:36+00:00,1311,34,68,,,,
2026-05-20T11:39:38+00:00,1312,34,68,,,,
2026-05-20T11:40:41+00:00,1313,34,67,,,,
2026-05-20T11:41:43+00:00,1314,34,67,,,,
2026-05-20T11:42:46+00:00,1315,34,68,,,,
2026-05-20T11:43:48+00:00,1316,34,68,,,,
2026-05-20T11:44:51+00:00,1317,34,68,,,,
2026-05-20T11:45:53+00:00,1318,34,68,,,,
2026-05-20T11:46:56+00:00,1319,34,68,,,,
2026-05-20T11:47:58+00:00,1320,34,68,,,,
2026-05-20T11:49:01+00:00,1321,34,68,,,,
2026-05-20T11:50:03+00:00,1322,34,68,,,,
2026-05-20T11:51:05+00:00,1323,34,68,,,,
2026-05-20T11:52:09+00:00,1324,34,68,,,,
2026-05-20T11:53:17+00:00,1325,34,68,,,,
2026-05-20T11:54:19+00:00,1326,34,68,,,,
2026-05-20T11:55:21+00:00,1327,34,68,,,,
2026-05-20T11:56:26+00:00,1328,34,68,,,,
2026-05-20T11:57:29+00:00,1329,34,68,,,,
2026-05-20T11:58:32+00:00,1330,34,67,,,,
2026-05-20T11:59:34+00:00,1331,34,67,,,,
2026-05-20T12:00:37+00:00,1332,34,67,,,,
2026-05-20T12:01:39+00:00,1333,34,67,,,,
2026-05-20T12:02:41+00:00,1334,34,67,,,,
2026-05-20T12:03:44+00:00,1335,34,67,,,,
2026-05-20T12:04:46+00:00,1336,34,67,,,,
2026-05-20T12:05:49+00:00,1337,34,67,,,,
2026-05-20T12:06:51+00:00,1338,34,67,,,,
2026-05-20T12:07:53+00:00,1339,34,67,,,,
2026-05-20T12:08:56+00:00,1340,34,68,,,,
2026-05-20T12:09:58+00:00,1341,34,68,,,,
2026-05-20T12:11:00+00:00,1342,34,68,,,,
2026-05-20T12:12:03+00:00,1343,34,68,,,,
2026-05-20T12:13:05+00:00,1344,34,67,,,,
2026-05-20T12:14:07+00:00,1345,34,68,,,,
2026-05-20T12:15:10+00:00,1346,34,68,,,,
2026-05-20T12:16:12+00:00,1347,34,67,,,,
2026-05-20T12:17:14+00:00,1348,34,67,,,,
2026-05-20T12:18:17+00:00,1349,34,67,,,,
2026-05-20T12:19:19+00:00,1350,34,67,,,,
2026-05-20T12:20:22+00:00,1351,34,67,,,,
2026-05-20T12:21:24+00:00,1352,34,67,,,,
2026-05-20T12:22:27+00:00,1353,34,67,,,,
2026-05-20T12:23:29+00:00,1354,34,67,,,,
2026-05-20T12:24:31+00:00,1355,34,67,,,,
2026-05-20T12:25:33+00:00,1356,34,67,,,,
2026-05-20T12:26:36+00:00,1357,34,67,,,,
2026-05-20T12:27:38+00:00,1358,34,67,,,,
2026-05-20T12:28:40+00:00,1359,33,67,,,,
2026-05-20T12:29:43+00:00,1360,33,67,,,,
2026-05-20T12:30:45+00:00,1361,34,67,,,,
2026-05-20T12:31:48+00:00,1362,34,67,,,,
2026-05-20T12:32:51+00:00,1363,33,67,,,,
2026-05-20T12:33:54+00:00,1364,33,68,,,,
2026-05-20T12:34:56+00:00,1365,33,68,,,,
2026-05-20T12:35:59+00:00,1366,33,68,,,,
2026-05-20T12:37:02+00:00,1367,34,68,,,,
2026-05-20T12:38:05+00:00,1368,34,68,,,,
2026-05-20T12:39:08+00:00,1369,33,68,,,,
2026-05-20T12:40:10+00:00,1370,34,68,,,,
2026-05-20T12:41:13+00:00,1371,34,68,,,,
2026-05-20T12:42:15+00:00,1372,34,68,,,,
2026-05-20T12:43:18+00:00,1373,34,68,,,,
2026-05-20T12:44:21+00:00,1374,34,68,,,,
2026-05-20T12:45:24+00:00,1375,34,68,,,,
2026-05-20T12:46:27+00:00,1376,34,68,,,,
2026-05-20T12:47:29+00:00,1377,34,68,,,,
2026-05-20T12:48:32+00:00,1378,34,68,,,,
2026-05-20T12:49:35+00:00,1379,34,68,,,,
2026-05-20T12:50:37+00:00,1380,34,68,,,,
2026-05-20T12:51:40+00:00,1381,34,68,,,,
2026-05-20T12:52:42+00:00,1382,34,68,,,,
2026-05-20T12:53:45+00:00,1383,34,68,,,,
2026-05-20T12:54:48+00:00,1384,34,68,,,,
2026-05-20T12:55:50+00:00,1385,34,68,,,,
2026-05-20T12:56:54+00:00,1386,34,68,,,,
2026-05-20T12:57:58+00:00,1387,34,68,,,,
2026-05-20T12:59:00+00:00,1388,34,68,,,,
2026-05-20T13:00:02+00:00,1389,34,68,,,,
2026-05-20T13:01:05+00:00,1390,34,68,,,,
2026-05-20T13:02:07+00:00,1391,34,68,,,,
2026-05-20T13:03:10+00:00,1392,34,68,,,,
2026-05-20T13:04:13+00:00,1393,34,68,,,,
2026-05-20T13:05:15+00:00,1394,34,68,,,,
2026-05-20T13:06:17+00:00,1395,34,68,,,,
2026-05-20T13:07:20+00:00,1396,34,68,,,,
2026-05-20T13:08:23+00:00,1397,34,68,,,,
2026-05-20T13:09:26+00:00,1398,34,68,,,,
2026-05-20T13:10:29+00:00,1399,34,68,,,,
2026-05-20T13:11:32+00:00,1400,34,68,,,,
2026-05-20T13:12:34+00:00,1401,34,68,,,,
2026-05-20T13:13:37+00:00,1402,34,68,,,,
2026-05-20T13:14:40+00:00,1403,34,68,,,,
2026-05-20T13:15:42+00:00,1404,34,68,,,,
2026-05-20T13:16:44+00:00,1405,34,68,,,,
2026-05-20T13:17:47+00:00,1406,34,68,,,,
2026-05-20T13:18:49+00:00,1407,34,68,,,,
2026-05-20T13:19:51+00:00,1408,34,68,,,,
2026-05-20T13:20:54+00:00,1409,34,68,,,,
2026-05-20T13:21:56+00:00,1410,34,68,,,,
2026-05-20T13:22:59+00:00,1411,34,68,,,,
2026-05-20T13:24:02+00:00,1412,34,68,,,,
2026-05-20T13:25:04+00:00,1413,34,68,,,,
2026-05-20T13:26:06+00:00,1414,34,69,,,,
2026-05-20T13:27:08+00:00,1415,34,69,,,,
2026-05-20T13:28:11+00:00,1416,34,69,,,,
2026-05-20T13:29:13+00:00,1417,34,69,,,,
2026-05-20T13:30:15+00:00,1418,34,69,,,,
2026-05-20T13:31:18+00:00,1419,34,69,,,,
2026-05-20T13:32:20+00:00,1420,34,69,,,,
2026-05-20T13:33:23+00:00,1421,34,69,,,,
2026-05-20T13:34:25+00:00,1422,34,69,,,,
2026-05-20T13:35:28+00:00,1423,34,69,,,,
2026-05-20T13:36:30+00:00,1424,34,69,,,,
2026-05-20T13:37:33+00:00,1425,34,69,,,,
2026-05-20T13:38:40+00:00,1426,34,69,,,,
2026-05-20T13:39:42+00:00,1427,34,69,,,,
2026-05-20T13:40:44+00:00,1428,34,69,,,,
2026-05-20T13:41:47+00:00,1429,34,69,,,,
2026-05-20T13:42:49+00:00,1430,34,69,,,,
2026-05-20T13:43:51+00:00,1431,34,69,,,,
2026-05-20T13:44:54+00:00,1432,34,69,,,,
2026-05-20T13:45:57+00:00,1433,34,69,,,,
2026-05-20T13:46:59+00:00,1434,34,69,,,,
2026-05-20T13:48:01+00:00,1435,34,69,,,,
2026-05-20T13:49:04+00:00,1436,34,69,,,,
2026-05-20T13:50:06+00:00,1437,34,69,,,,
2026-05-20T13:51:08+00:00,1438,34,69,,,,
2026-05-20T13:52:11+00:00,1439,34,69,,,,
2026-05-20T13:53:13+00:00,1440,34,69,,,,
2026-05-20T13:54:15+00:00,1441,34,69,,,,
2026-05-20T13:55:18+00:00,1442,34,69,,,,
2026-05-20T13:56:21+00:00,1443,34,69,,,,
2026-05-20T13:57:24+00:00,1444,34,69,,,,
2026-05-20T13:58:26+00:00,1445,34,69,,,,
2026-05-20T13:59:29+00:00,1446,33,69,,,,
2026-05-20T14:00:31+00:00,1447,33,69,,,,
2026-05-20T14:01:34+00:00,1448,34,69,,,,
2026-05-20T14:02:36+00:00,1449,34,69,,,,
2026-05-20T14:03:38+00:00,1450,33,69,,,,
2026-05-20T14:04:41+00:00,1451,34,69,,,,
2026-05-20T14:05:44+00:00,1452,33,69,,,,
2026-05-20T14:06:46+00:00,1453,33,70,,,,
2026-05-20T14:07:48+00:00,1454,33,70,,,,
2026-05-20T14:08:50+00:00,1455,33,70,,,,
2026-05-20T14:09:54+00:00,1456,33,70,,,,
2026-05-20T14:10:56+00:00,1457,34,69,,,,
2026-05-20T14:11:58+00:00,1458,34,70,,,,
2026-05-20T14:13:01+00:00,1459,34,70,,,,
2026-05-20T14:14:03+00:00,1460,34,70,,,,
2026-05-20T14:15:05+00:00,1461,34,70,,,,
2026-05-20T14:16:08+00:00,1462,34,70,,,,
2026-05-20T14:17:10+00:00,1463,34,70,,,,
2026-05-20T14:18:12+00:00,1464,33,70,,,,
2026-05-20T14:19:15+00:00,1465,33,70,,,,
2026-05-20T14:20:17+00:00,1466,33,70,,,,
2026-05-20T14:21:20+00:00,1467,33,70,,,,
2026-05-20T14:22:22+00:00,1468,33,70,,,,
2026-05-20T14:23:24+00:00,1469,34,70,,,,
2026-05-20T14:24:26+00:00,1470,34,70,,,,
2026-05-20T14:25:29+00:00,1471,34,70,,,,
2026-05-20T14:26:32+00:00,1472,34,70,,,,
2026-05-20T14:27:34+00:00,1473,33,70,,,,
2026-05-20T14:28:37+00:00,1474,33,70,,,,
2026-05-20T14:29:40+00:00,1475,33,70,,,,
2026-05-20T14:30:42+00:00,1476,33,70,,,,
2026-05-20T14:31:45+00:00,1477,33,70,,,,
2026-05-20T14:32:47+00:00,1478,33,70,,,,
2026-05-20T14:33:50+00:00,1479,33,70,,,,
2026-05-20T14:34:52+00:00,1480,33,70,,,,
2026-05-20T14:35:55+00:00,1481,33,70,,,,
2026-05-20T14:36:58+00:00,1482,33,70,,,,
2026-05-20T14:38:00+00:00,1483,33,70,,,,
2026-05-20T14:39:02+00:00,1484,33,70,,,,
2026-05-20T14:40:05+00:00,1485,33,70,,,,
2026-05-20T14:41:07+00:00,1486,33,70,,,,
2026-05-20T14:42:10+00:00,1487,33,70,,,,
2026-05-20T14:43:12+00:00,1488,33,70,,,,
2026-05-20T14:44:16+00:00,1489,33,70,,,,
2026-05-20T14:45:19+00:00,1490,33,70,,,,
2026-05-20T14:46:21+00:00,1491,33,70,,,,
2026-05-20T14:47:25+00:00,1492,33,70,,,,
2026-05-20T14:48:29+00:00,1493,33,70,,,,
2026-05-20T14:49:32+00:00,1494,33,70,,,,
2026-05-20T14:50:35+00:00,1495,33,70,,,,
2026-05-20T14:51:39+00:00,1496,33,70,,,,
2026-05-20T14:52:42+00:00,1497,33,70,,,,
2026-05-20T14:53:46+00:00,1498,33,70,,,,
2026-05-20T14:54:49+00:00,1499,33,70,,,,
2026-05-20T14:55:51+00:00,1500,33,70,,,,
2026-05-20T14:56:54+00:00,1501,33,70,,,,
2026-05-20T14:57:57+00:00,1502,33,70,,,,
2026-05-20T14:58:59+00:00,1503,33,70,,,,
2026-05-20T15:00:02+00:00,1504,33,70,,,,
2026-05-20T15:01:04+00:00,1505,33,70,,,,
2026-05-20T15:02:07+00:00,1506,33,70,,,,
2026-05-20T15:03:09+00:00,1507,33,70,,,,
2026-05-20T15:04:11+00:00,1508,33,70,,,,
2026-05-20T15:05:14+00:00,1509,33,70,,,,
2026-05-20T15:06:16+00:00,1510,33,70,,,,
2026-05-20T15:07:18+00:00,1511,33,70,,,,
2026-05-20T15:08:21+00:00,1512,33,70,,,,
2026-05-20T15:09:23+00:00,1513,33,70,,,,
2026-05-20T15:10:27+00:00,1514,33,70,,,,
2026-05-20T15:11:29+00:00,1515,33,70,,,,
2026-05-20T15:12:31+00:00,1516,33,70,,,,
2026-05-20T15:13:34+00:00,1517,33,70,,,,
2026-05-20T15:14:36+00:00,1518,33,70,,,,
2026-05-20T15:15:38+00:00,1519,33,70,,,,
2026-05-20T15:16:41+00:00,1520,33,70,,,,
2026-05-20T15:17:43+00:00,1521,33,70,,,,
2026-05-20T15:18:45+00:00,1522,33,70,,,,
2026-05-20T15:19:48+00:00,1523,33,70,,,,
2026-05-20T15:20:50+00:00,1524,33,70,,,,
2026-05-20T15:21:53+00:00,1525,33,70,,,,
2026-05-20T15:22:55+00:00,1526,33,70,,,,
2026-05-20T15:23:58+00:00,1527,33,70,,,,
2026-05-20T15:25:02+00:00,1528,33,70,,,,
2026-05-20T15:26:04+00:00,1529,33,70,,,,
2026-05-20T15:27:06+00:00,1530,33,71,,,,
2026-05-20T15:28:09+00:00,1531,33,71,,,,
2026-05-20T15:29:11+00:00,1532,33,71,,,,
2026-05-20T15:30:14+00:00,1533,33,71,,,,
2026-05-20T15:31:17+00:00,1534,33,71,,,,
2026-05-20T15:32:20+00:00,1535,33,71,,,,
2026-05-20T15:33:22+00:00,1536,33,71,,,,
2026-05-20T15:34:25+00:00,1537,33,71,,,,
2026-05-20T15:35:27+00:00,1538,33,70,,,,
2026-05-20T15:36:29+00:00,1539,33,71,,,,
2026-05-20T15:37:33+00:00,1540,33,71,,,,
2026-05-20T15:38:35+00:00,1541,33,71,,,,
2026-05-20T15:39:37+00:00,1542,33,71,,,,
2026-05-20T15:40:40+00:00,1543,33,71,,,,
2026-05-20T15:41:43+00:00,1544,33,71,,,,
2026-05-20T15:42:45+00:00,1545,33,71,,,,
2026-05-20T15:43:48+00:00,1546,33,71,,,,
2026-05-20T15:44:50+00:00,1547,33,71,,,,
2026-05-20T15:45:53+00:00,1548,33,71,,,,
2026-05-20T15:46:55+00:00,1549,33,71,,,,
2026-05-20T15:47:58+00:00,1550,33,71,,,,
2026-05-20T15:49:01+00:00,1551,33,71,,,,
2026-05-20T15:50:03+00:00,1552,33,71,,,,
2026-05-20T15:51:06+00:00,1553,33,71,,,,
2026-05-20T15:52:09+00:00,1554,33,71,,,,
2026-05-20T15:53:12+00:00,1555,33,71,,,,
2026-05-20T15:54:14+00:00,1556,33,71,,,,
2026-05-20T15:55:17+00:00,1557,33,71,,,,
2026-05-20T15:56:21+00:00,1558,33,71,,,,
2026-05-20T15:57:23+00:00,1559,33,71,,,,
2026-05-20T15:58:26+00:00,1560,33,71,,,,
2026-05-20T15:59:28+00:00,1561,33,71,,,,
2026-05-20T16:00:31+00:00,1562,33,71,,,,
2026-05-20T16:01:34+00:00,1563,33,71,,,,
2026-05-20T16:02:37+00:00,1564,33,71,,,,
2026-05-20T16:03:40+00:00,1565,33,71,,,,
2026-05-20T16:04:42+00:00,1566,33,71,,,,
2026-05-20T16:05:45+00:00,1567,33,71,,,,
2026-05-20T16:06:47+00:00,1568,33,71,,,,
2026-05-20T16:07:50+00:00,1569,33,71,,,,
2026-05-20T16:08:52+00:00,1570,33,71,,,,
2026-05-20T16:09:55+00:00,1571,33,71,,,,
2026-05-20T16:10:57+00:00,1572,33,71,,,,
2026-05-20T16:12:00+00:00,1573,33,71,,,,
2026-05-20T16:13:04+00:00,1574,33,71,,,,
2026-05-20T16:14:06+00:00,1575,33,71,,,,
2026-05-20T16:15:08+00:00,1576,33,71,,,,
2026-05-20T16:16:11+00:00,1577,33,71,,,,
2026-05-20T16:17:13+00:00,1578,33,71,,,,
2026-05-20T16:18:15+00:00,1579,33,71,,,,
2026-05-20T16:19:18+00:00,1580,33,71,,,,
2026-05-20T16:20:20+00:00,1581,33,71,,,,
2026-05-20T16:21:23+00:00,1582,33,71,,,,
2026-05-20T16:22:25+00:00,1583,33,71,,,,
2026-05-20T16:23:27+00:00,1584,33,71,,,,
2026-05-20T16:24:30+00:00,1585,33,71,,,,
2026-05-20T16:25:33+00:00,1586,33,71,,,,
2026-05-20T16:26:36+00:00,1587,33,71,,,,
2026-05-20T16:27:38+00:00,1588,33,72,,,,
2026-05-20T16:28:40+00:00,1589,33,72,,,,
2026-05-20T16:29:43+00:00,1590,33,72,,,,
2026-05-20T16:30:46+00:00,1591,33,72,,,,
2026-05-20T16:31:48+00:00,1592,33,72,,,,
2026-05-20T16:32:51+00:00,1593,33,72,,,,
2026-05-20T16:33:53+00:00,1594,33,72,,,,
2026-05-20T16:34:55+00:00,1595,33,72,,,,
2026-05-20T16:35:58+00:00,1596,33,72,,,,
2026-05-20T16:37:00+00:00,1597,33,72,,,,
2026-05-20T16:38:04+00:00,1598,33,72,,,,
2026-05-20T16:39:06+00:00,1599,33,72,,,,
2026-05-20T16:40:09+00:00,1600,33,72,,,,
2026-05-20T16:41:11+00:00,1601,33,72,,,,
2026-05-20T16:42:14+00:00,1602,33,72,,,,
2026-05-20T16:43:16+00:00,1603,33,72,,,,
2026-05-20T16:44:18+00:00,1604,33,72,,,,
2026-05-20T16:45:21+00:00,1605,33,72,,,,
2026-05-20T16:46:25+00:00,1606,33,72,,,,
2026-05-20T16:49:04+00:00,1607,33,72,,,,
2026-05-20T16:50:06+00:00,1608,33,72,,,,
2026-05-20T16:51:09+00:00,1609,33,72,,,,
2026-05-20T16:52:16+00:00,1610,33,72,,,,
2026-05-20T16:53:21+00:00,1611,33,72,,,,
2026-05-20T16:54:23+00:00,1612,33,72,,,,
2026-05-20T16:55:25+00:00,1613,33,72,,,,
2026-05-20T16:56:28+00:00,1614,33,72,,,,
2026-05-20T16:57:31+00:00,1615,33,72,,,,
2026-05-20T16:58:34+00:00,1616,33,72,,,,
2026-05-20T16:59:36+00:00,1617,33,72,,,,
2026-05-20T17:00:39+00:00,1618,33,72,,,,
2026-05-20T17:01:41+00:00,1619,33,72,,,,
2026-05-20T17:02:44+00:00,1620,33,72,,,,
2026-05-20T17:03:46+00:00,1621,33,72,,,,
2026-05-20T17:04:49+00:00,1622,33,72,,,,
2026-05-20T17:05:51+00:00,1623,33,72,,,,
2026-05-20T17:06:54+00:00,1624,33,72,,,,
2026-05-20T17:07:56+00:00,1625,33,72,,,,
2026-05-20T17:08:59+00:00,1626,33,72,,,,
2026-05-20T17:10:02+00:00,1627,33,72,,,,
2026-05-20T17:11:04+00:00,1628,33,73,,,,
2026-05-20T17:12:06+00:00,1629,33,73,,,,
2026-05-20T17:13:08+00:00,1630,33,73,,,,
2026-05-20T17:14:11+00:00,1631,33,73,,,,
2026-05-20T17:15:13+00:00,1632,33,73,,,,
2026-05-20T17:16:16+00:00,1633,33,73,,,,
2026-05-20T17:17:18+00:00,1634,33,73,,,,
2026-05-20T17:18:21+00:00,1635,33,73,,,,
2026-05-20T17:19:23+00:00,1636,33,73,,,,
2026-05-20T17:20:25+00:00,1637,33,73,,,,
2026-05-20T17:21:28+00:00,1638,33,73,,,,
2026-05-20T17:22:30+00:00,1639,33,73,,,,
2026-05-20T17:23:34+00:00,1640,33,73,,,,
2026-05-20T17:24:37+00:00,1641,33,73,,,,
2026-05-20T17:25:40+00:00,1642,33,73,,,,
2026-05-20T17:26:43+00:00,1643,33,73,,,,
2026-05-20T17:27:45+00:00,1644,33,73,,,,
2026-05-20T17:28:48+00:00,1645,33,73,,,,
2026-05-20T17:29:50+00:00,1646,33,73,,,,
2026-05-20T17:30:53+00:00,1647,33,73,,,,
2026-05-20T17:31:55+00:00,1648,33,73,,,,
2026-05-20T17:32:58+00:00,1649,33,73,,,,
2026-05-21T02:30:57+00:00,1650,31,82,,,,
2026-05-21T02:31:59+00:00,1651,31,82,,,,
2026-05-21T02:33:02+00:00,1652,31,83,,,,
2026-05-21T02:34:07+00:00,1653,31,83,,,,
2026-05-21T02:35:10+00:00,1654,31,83,,,,
2026-05-21T02:36:12+00:00,1655,31,83,,,,
2026-05-21T02:37:15+00:00,1656,31,83,,,,
2026-05-21T02:38:17+00:00,1657,31,83,,,,
2026-05-21T02:39:20+00:00,1658,31,83,,,,
2026-05-21T02:40:22+00:00,1659,31,82,,,,
2026-05-21T02:41:24+00:00,1660,31,82,,,,
2026-05-21T02:43:34+00:00,1661,31,82,,,,
2026-05-21T02:44:36+00:00,1662,31,82,,,,
2026-05-21T02:45:45+00:00,1663,31,82,,,,
2026-05-21T02:46:57+00:00,1664,31,82,,,,
2026-05-21T02:48:00+00:00,1665,31,82,,,,
2026-05-21T02:49:07+00:00,1666,31,82,,,,
2026-05-21T02:50:10+00:00,1667,31,82,,,,
2026-05-21T02:51:12+00:00,1668,31,82,,,,
2026-05-21T02:52:15+00:00,1669,31,82,,,,
2026-05-21T02:53:17+00:00,1670,31,82,,,,
2026-05-21T02:54:38+00:00,1671,31,82,,,,
2026-05-21T02:55:40+00:00,1672,31,82,,,,
2026-05-21T02:56:42+00:00,1673,31,82,,,,
2026-05-21T02:57:53+00:00,1674,31,82,,,,
2026-05-21T02:58:55+00:00,1675,31,82,,,,
2026-05-21T02:59:57+00:00,1676,31,82,,,,
2026-05-21T03:01:00+00:00,1677,31,82,,,,
2026-05-21T03:02:02+00:00,1678,31,82,,,,
2026-05-21T03:03:12+00:00,1679,31,82,,,,
2026-05-21T03:04:14+00:00,1680,31,82,,,,
2026-05-21T03:05:16+00:00,1681,31,82,,,,
2026-05-21T03:06:19+00:00,1682,31,82,,,,
2026-05-21T03:07:21+00:00,1683,31,82,,,,
2026-05-21T03:09:31+00:00,1684,31,82,,,,
2026-05-21T03:10:33+00:00,1685,31,82,,,,
2026-05-21T03:11:36+00:00,1686,31,82,,,,
2026-05-21T03:12:38+00:00,1687,31,82,,,,
2026-05-21T03:13:48+00:00,1688,31,82,,,,
2026-05-21T03:14:51+00:00,1689,31,81,,,,
2026-05-21T03:15:53+00:00,1690,31,81,,,,
2026-05-21T03:17:00+00:00,1691,31,81,,,,
2026-05-21T03:18:03+00:00,1692,31,81,,,,
2026-05-21T03:19:06+00:00,1693,31,81,,,,
2026-05-21T03:20:21+00:00,1694,31,81,,,,
2026-05-21T03:21:24+00:00,1695,31,81,,,,
2026-05-21T03:22:26+00:00,1696,31,82,,,,
2026-05-21T03:23:29+00:00,1697,31,82,,,,
2026-05-21T03:24:31+00:00,1698,31,82,,,,
2026-05-21T03:25:34+00:00,1699,31,82,,,,
2026-05-21T03:26:37+00:00,1700,31,83,,,,
2026-05-21T03:33:15+00:00,1701,31,82,,,,
2026-05-21T03:34:19+00:00,1702,31,81,,,,
2026-05-21T03:35:26+00:00,1703,31,81,,,,
2026-05-21T03:36:28+00:00,1704,31,81,,,,
2026-05-21T03:37:31+00:00,1705,31,81,,,,
2026-05-21T03:38:34+00:00,1706,31,81,,,,
2026-05-21T03:39:36+00:00,1707,31,81,,,,
2026-05-21T03:40:38+00:00,1708,31,81,,,,
2026-05-21T03:41:42+00:00,1709,31,81,,,,
2026-05-21T03:42:45+00:00,1710,31,82,,,,
2026-05-21T03:43:47+00:00,1711,31,82,,,,
2026-05-21T03:44:50+00:00,1712,31,82,,,,
2026-05-21T03:45:53+00:00,1713,31,82,,,,
2026-05-21T03:46:55+00:00,1714,31,82,,,,
2026-05-21T03:47:58+00:00,1715,31,82,,,,
2026-05-21T03:49:00+00:00,1716,31,82,,,,
2026-05-21T03:50:03+00:00,1717,31,82,,,,
2026-05-21T03:51:06+00:00,1718,31,82,,,,
2026-05-21T03:52:09+00:00,1719,31,82,,,,
2026-05-21T03:53:11+00:00,1720,31,82,,,,
2026-05-21T03:54:13+00:00,1721,31,82,,,,
2026-05-21T03:55:16+00:00,1722,31,82,,,,
2026-05-21T03:56:18+00:00,1723,31,82,,,,
2026-05-21T03:57:21+00:00,1724,31,81,,,,
2026-05-21T03:58:23+00:00,1725,31,81,,,,
2026-05-21T03:59:25+00:00,1726,31,81,,,,
2026-05-21T04:00:27+00:00,1727,31,81,,,,
2026-05-21T04:01:30+00:00,1728,31,81,,,,
2026-05-21T04:02:32+00:00,1729,31,81,,,,
2026-05-21T04:03:35+00:00,1730,31,81,,,,
2026-05-21T04:04:37+00:00,1731,31,81,,,,
2026-05-21T04:06:29+00:00,1732,31,81,,,,
2026-05-21T04:07:31+00:00,1733,31,81,,,,
2026-05-21T04:08:34+00:00,1734,31,81,,,,
2026-05-21T04:09:36+00:00,1735,31,81,,,,
2026-05-21T04:11:26+00:00,1736,31,81,,,,
2026-05-21T04:12:28+00:00,1737,31,81,,,,
2026-05-21T04:13:31+00:00,1738,31,81,,,,
2026-05-21T04:14:33+00:00,1739,31,81,,,,
2026-05-21T04:15:35+00:00,1740,31,81,,,,
2026-05-21T04:16:37+00:00,1741,31,81,,,,
2026-05-21T04:17:40+00:00,1742,31,81,,,,
2026-05-21T04:18:42+00:00,1743,31,81,,,,
2026-05-21T04:19:44+00:00,1744,31,81,,,,
2026-05-21T04:20:47+00:00,1745,31,80,,,,
2026-05-21T04:21:49+00:00,1746,31,80,,,,
2026-05-21T04:22:51+00:00,1747,31,80,,,,
2026-05-21T04:23:53+00:00,1748,31,80,,,,
2026-05-21T04:24:56+00:00,1749,31,80,,,,
2026-05-21T04:25:58+00:00,1750,31,80,,,,
2026-05-21T04:27:01+00:00,1751,31,80,,,,
2026-05-21T04:28:03+00:00,1752,31,80,,,,
2026-05-21T04:29:06+00:00,1753,31,80,,,,
2026-05-21T04:30:08+00:00,1754,31,80,,,,
2026-05-21T04:31:10+00:00,1755,31,80,,,,
2026-05-21T04:32:13+00:00,1756,31,80,,,,
2026-05-21T04:33:15+00:00,1757,31,80,,,,
2026-05-21T04:34:18+00:00,1758,31,80,,,,
2026-05-21T04:35:21+00:00,1759,31,80,,,,
2026-05-21T04:36:25+00:00,1760,31,80,,,,
2026-05-21T04:37:27+00:00,1761,31,80,,,,
2026-05-21T04:38:30+00:00,1762,31,80,,,,
2026-05-21T04:39:32+00:00,1763,31,80,,,,
2026-05-21T04:40:35+00:00,1764,31,80,,,,
2026-05-21T04:41:37+00:00,1765,31,80,,,,
2026-05-21T04:42:39+00:00,1766,31,80,,,,
2026-05-21T04:43:41+00:00,1767,31,80,,,,
2026-05-21T04:44:44+00:00,1768,31,80,,,,
2026-05-21T04:45:46+00:00,1769,31,79,,,,
2026-05-21T04:46:48+00:00,1770,31,79,,,,
2026-05-21T04:47:51+00:00,1771,31,79,,,,
2026-05-21T04:48:53+00:00,1772,31,79,,,,
2026-05-21T04:49:55+00:00,1773,31,79,,,,
2026-05-21T04:50:57+00:00,1774,31,79,,,,
2026-05-21T04:51:59+00:00,1775,31,79,,,,
2026-05-21T04:53:02+00:00,1776,31,79,,,,
2026-05-21T04:54:04+00:00,1777,31,79,,,,
2026-05-21T04:55:06+00:00,1778,31,79,,,,
2026-05-21T04:56:09+00:00,1779,31,79,,,,
2026-05-21T04:57:11+00:00,1780,31,79,,,,
2026-05-21T04:58:14+00:00,1781,31,79,,,,
2026-05-21T04:59:16+00:00,1782,31,79,,,,
2026-05-21T05:00:19+00:00,1783,31,79,,,,
2026-05-21T05:01:21+00:00,1784,31,79,,,,
2026-05-21T05:02:23+00:00,1785,31,79,,,,
2026-05-21T05:03:26+00:00,1786,31,79,,,,
2026-05-21T05:04:28+00:00,1787,31,79,,,,
2026-05-21T05:05:31+00:00,1788,31,79,,,,
2026-05-21T05:06:33+00:00,1789,31,79,,,,
2026-05-21T05:07:35+00:00,1790,31,79,,,,
2026-05-21T05:08:38+00:00,1791,31,78,,,,
2026-05-21T05:09:40+00:00,1792,31,78,,,,
2026-05-21T05:10:42+00:00,1793,31,78,,,,
2026-05-21T05:11:44+00:00,1794,31,78,,,,
2026-05-21T05:12:47+00:00,1795,31,78,,,,
2026-05-21T05:13:49+00:00,1796,31,78,,,,
2026-05-21T05:14:51+00:00,1797,31,78,,,,
2026-05-21T05:15:53+00:00,1798,31,78,,,,
2026-05-21T05:16:56+00:00,1799,31,78,,,,
2026-05-21T05:17:58+00:00,1800,31,77,,,,
2026-05-21T05:19:00+00:00,1801,31,77,,,,
2026-05-21T05:20:03+00:00,1802,31,77,,,,
2026-05-21T05:21:05+00:00,1803,32,77,,,,
2026-05-21T05:22:08+00:00,1804,32,77,,,,
2026-05-21T05:23:10+00:00,1805,32,77,,,,
2026-05-21T05:24:12+00:00,1806,32,77,,,,
2026-05-21T05:25:15+00:00,1807,32,76,,,,
2026-05-21T05:26:17+00:00,1808,32,76,,,,
2026-05-21T05:27:19+00:00,1809,32,76,,,,
2026-05-21T05:28:22+00:00,1810,32,76,,,,
2026-05-21T05:29:24+00:00,1811,32,76,,,,
2026-05-21T05:30:26+00:00,1812,32,76,,,,
2026-05-21T05:31:28+00:00,1813,32,76,,,,
2026-05-21T05:32:31+00:00,1814,32,76,,,,
2026-05-21T05:33:33+00:00,1815,32,76,,,,
2026-05-21T05:34:35+00:00,1816,32,76,,,,
2026-05-21T05:35:38+00:00,1817,32,76,,,,
2026-05-21T05:36:40+00:00,1818,32,76,,,,
2026-05-21T05:37:43+00:00,1819,32,76,,,,
2026-05-21T05:38:46+00:00,1820,32,77,,,,
2026-05-21T05:39:48+00:00,1821,32,77,,,,
2026-05-21T05:41:14+00:00,1822,32,77,,,,
2026-05-21T05:42:17+00:00,1823,32,76,,,,
2026-05-21T05:43:19+00:00,1824,31,77,,,,
2026-05-21T05:44:21+00:00,1825,31,77,,,,
2026-05-21T05:45:24+00:00,1826,31,78,,,,
2026-05-21T05:46:26+00:00,1827,31,78,,,,
2026-05-21T05:47:29+00:00,1828,31,78,,,,
2026-05-21T05:48:34+00:00,1829,31,78,,,,
2026-05-21T05:49:37+00:00,1830,31,78,,,,
2026-05-21T05:50:39+00:00,1831,31,78,,,,
2026-05-21T05:51:41+00:00,1832,31,78,,,,
2026-05-21T05:52:44+00:00,1833,31,78,,,,
2026-05-21T05:53:46+00:00,1834,31,78,,,,
2026-05-21T05:54:48+00:00,1835,31,78,,,,
2026-05-21T05:55:51+00:00,1836,31,78,,,,
2026-05-21T05:56:53+00:00,1837,31,78,,,,
2026-05-21T05:57:56+00:00,1838,31,78,,,,
2026-05-21T05:58:58+00:00,1839,31,78,,,,
2026-05-21T06:00:01+00:00,1840,31,77,,,,
2026-05-21T06:01:03+00:00,1841,31,77,,,,
2026-05-21T06:02:06+00:00,1842,32,77,,,,
2026-05-21T06:03:08+00:00,1843,32,76,,,,
2026-05-21T06:04:10+00:00,1844,32,76,,,,
2026-05-21T06:05:13+00:00,1845,32,76,,,,
2026-05-21T06:06:15+00:00,1846,32,76,,,,
2026-05-21T06:07:17+00:00,1847,32,76,,,,
2026-05-21T06:08:20+00:00,1848,32,76,,,,
2026-05-21T06:09:22+00:00,1849,32,76,,,,
2026-05-21T06:10:25+00:00,1850,32,76,,,,
2026-05-21T06:11:27+00:00,1851,32,76,,,,
2026-05-21T06:12:30+00:00,1852,32,76,,,,
2026-05-21T06:13:32+00:00,1853,32,76,,,,
2026-05-21T06:14:35+00:00,1854,32,76,,,,
2026-05-21T06:15:37+00:00,1855,32,76,,,,
2026-05-21T06:16:39+00:00,1856,32,76,,,,
2026-05-21T06:17:42+00:00,1857,32,76,,,,
2026-05-21T06:18:44+00:00,1858,32,77,,,,
2026-05-21T06:19:47+00:00,1859,32,76,,,,
2026-05-21T06:20:49+00:00,1860,32,76,,,,
2026-05-21T06:21:52+00:00,1861,32,76,,,,
2026-05-21T06:22:54+00:00,1862,32,76,,,,
2026-05-21T06:23:57+00:00,1863,32,76,,,,
2026-05-21T06:25:00+00:00,1864,32,76,,,,
2026-05-21T06:26:02+00:00,1865,32,76,,,,
2026-05-21T06:27:05+00:00,1866,32,76,,,,
2026-05-21T06:28:07+00:00,1867,32,76,,,,
2026-05-21T06:29:10+00:00,1868,32,76,,,,
2026-05-21T06:30:12+00:00,1869,32,76,,,,
2026-05-21T06:31:15+00:00,1870,32,76,,,,
2026-05-21T06:32:18+00:00,1871,32,76,,,,
2026-05-21T06:33:20+00:00,1872,32,76,,,,
2026-05-21T06:34:22+00:00,1873,32,76,,,,
2026-05-21T06:35:24+00:00,1874,32,76,,,,
2026-05-21T06:36:27+00:00,1875,32,76,,,,
2026-05-21T06:37:29+00:00,1876,32,76,,,,
2026-05-21T06:38:31+00:00,1877,32,76,,,,
2026-05-21T06:39:34+00:00,1878,32,76,,,,
2026-05-21T06:40:36+00:00,1879,32,76,,,,
2026-05-21T06:41:39+00:00,1880,32,76,,,,
2026-05-21T06:42:41+00:00,1881,32,76,,,,
2026-05-21T06:43:43+00:00,1882,32,76,,,,
2026-05-21T06:44:46+00:00,1883,32,76,,,,
2026-05-21T06:45:49+00:00,1884,32,76,,,,
2026-05-21T06:46:51+00:00,1885,32,76,,,,
2026-05-21T06:47:54+00:00,1886,32,76,,,,
2026-05-21T06:48:57+00:00,1887,32,76,,,,
2026-05-21T06:49:59+00:00,1888,32,76,,,,
2026-05-21T06:51:01+00:00,1889,32,76,,,,
2026-05-21T06:52:04+00:00,1890,32,76,,,,
2026-05-21T06:53:06+00:00,1891,32,76,,,,
2026-05-21T06:54:09+00:00,1892,32,76,,,,
2026-05-21T06:55:11+00:00,1893,32,76,,,,
2026-05-21T06:56:13+00:00,1894,32,76,,,,
2026-05-21T06:57:16+00:00,1895,32,76,,,,
2026-05-21T06:58:18+00:00,1896,32,76,,,,
2026-05-21T06:59:21+00:00,1897,32,76,,,,
2026-05-21T07:00:23+00:00,1898,32,76,,,,
2026-05-21T07:01:26+00:00,1899,32,76,,,,
2026-05-21T07:02:28+00:00,1900,32,76,,,,
2026-05-21T07:03:31+00:00,1901,32,76,,,,
2026-05-21T07:04:33+00:00,1902,32,76,,,,
2026-05-21T07:05:35+00:00,1903,32,76,,,,
2026-05-21T07:06:38+00:00,1904,32,76,,,,
2026-05-21T07:07:40+00:00,1905,32,76,,,,
2026-05-21T07:08:42+00:00,1906,32,76,,,,
2026-05-21T07:09:45+00:00,1907,32,76,,,,
2026-05-21T07:10:47+00:00,1908,32,76,,,,
2026-05-21T07:11:50+00:00,1909,32,75,,,,
2026-05-21T07:12:52+00:00,1910,32,76,,,,
2026-05-21T07:13:55+00:00,1911,32,76,,,,
2026-05-21T07:14:57+00:00,1912,32,76,,,,
2026-05-21T07:15:59+00:00,1913,32,76,,,,
2026-05-21T07:17:02+00:00,1914,32,75,,,,
2026-05-21T07:18:04+00:00,1915,32,76,,,,
2026-05-21T07:19:06+00:00,1916,32,75,,,,
2026-05-21T07:20:08+00:00,1917,32,75,,,,
2026-05-21T07:21:11+00:00,1918,32,75,,,,
2026-05-21T07:22:13+00:00,1919,32,75,,,,
2026-05-21T07:23:15+00:00,1920,32,75,,,,
2026-05-21T07:24:18+00:00,1921,32,75,,,,
2026-05-21T07:25:20+00:00,1922,32,75,,,,
2026-05-21T07:26:23+00:00,1923,32,75,,,,
2026-05-21T07:27:25+00:00,1924,32,75,,,,
2026-05-21T07:28:27+00:00,1925,32,75,,,,
2026-05-21T07:29:29+00:00,1926,32,75,,,,
2026-05-21T07:30:32+00:00,1927,32,75,,,,
2026-05-21T07:31:34+00:00,1928,32,75,,,,
2026-05-21T07:32:37+00:00,1929,32,75,,,,
2026-05-21T07:33:39+00:00,1930,32,75,,,,
2026-05-21T07:34:42+00:00,1931,32,75,,,,
2026-05-21T07:35:44+00:00,1932,32,75,,,,
2026-05-21T07:36:47+00:00,1933,32,75,,,,
2026-05-21T07:37:49+00:00,1934,32,75,,,,
2026-05-21T07:38:51+00:00,1935,32,75,,,,
2026-05-21T07:39:54+00:00,1936,32,75,,,,
2026-05-21T07:40:56+00:00,1937,32,75,,,,
2026-05-21T07:41:58+00:00,1938,32,75,,,,
2026-05-21T07:43:01+00:00,1939,32,75,,,,
2026-05-21T07:44:03+00:00,1940,32,74,,,,
2026-05-21T07:45:06+00:00,1941,32,74,,,,
2026-05-21T07:46:08+00:00,1942,32,74,,,,
2026-05-21T07:47:11+00:00,1943,32,74,,,,
2026-05-21T07:48:13+00:00,1944,32,75,,,,
2026-05-21T07:49:15+00:00,1945,32,75,,,,
2026-05-21T07:50:18+00:00,1946,32,75,,,,
2026-05-21T07:51:20+00:00,1947,32,75,,,,
2026-05-21T07:52:22+00:00,1948,32,75,,,,
2026-05-21T07:53:25+00:00,1949,32,75,,,,
2026-05-21T07:54:27+00:00,1950,32,75,,,,
2026-05-21T07:55:31+00:00,1951,32,75,,,,
2026-05-21T07:56:33+00:00,1952,32,75,,,,
2026-05-21T07:57:35+00:00,1953,32,75,,,,
2026-05-21T07:58:38+00:00,1954,32,75,,,,
2026-05-21T07:59:40+00:00,1955,32,75,,,,
2026-05-21T08:00:42+00:00,1956,32,75,,,,
2026-05-21T08:01:44+00:00,1957,32,74,,,,
2026-05-21T08:02:47+00:00,1958,32,74,,,,
2026-05-21T08:04:02+00:00,1959,32,74,,,,
2026-05-21T08:06:11+00:00,1960,32,74,,,,
2026-05-21T08:07:16+00:00,1961,32,74,,,,
2026-05-21T08:08:18+00:00,1962,32,74,,,,
2026-05-21T08:09:21+00:00,1963,32,74,,,,
2026-05-21T08:10:23+00:00,1964,32,74,,,,
2026-05-21T08:12:33+00:00,1965,32,74,,,,
2026-05-21T08:13:37+00:00,1966,32,74,,,,
2026-05-21T08:14:39+00:00,1967,32,73,,,,
2026-05-21T08:15:48+00:00,1968,32,73,,,,
2026-05-21T08:16:51+00:00,1969,32,73,,,,
2026-05-21T08:17:53+00:00,1970,32,73,,,,
2026-05-21T08:18:56+00:00,1971,32,73,,,,
2026-05-21T08:20:01+00:00,1972,32,73,,,,
2026-05-21T08:21:04+00:00,1973,32,73,,,,
2026-05-21T08:22:06+00:00,1974,32,73,,,,
2026-05-21T08:23:09+00:00,1975,32,73,,,,
2026-05-21T08:24:15+00:00,1976,32,73,,,,
2026-05-21T08:25:17+00:00,1977,32,73,,,,
2026-05-21T08:26:19+00:00,1978,33,72,,,,
2026-05-21T08:27:24+00:00,1979,33,72,,,,
2026-05-21T08:28:26+00:00,1980,32,73,,,,
2026-05-21T08:29:28+00:00,1981,33,72,,,,
2026-05-21T08:30:31+00:00,1982,33,72,,,,
2026-05-21T08:31:34+00:00,1983,33,72,,,,
2026-05-21T08:32:37+00:00,1984,33,72,,,,
2026-05-21T08:33:39+00:00,1985,33,72,,,,
2026-05-21T08:34:41+00:00,1986,33,72,,,,
2026-05-21T08:35:44+00:00,1987,33,72,,,,
2026-05-21T08:36:47+00:00,1988,33,72,,,,
2026-05-21T08:37:49+00:00,1989,32,72,,,,
2026-05-21T08:38:52+00:00,1990,33,72,,,,
2026-05-21T08:39:54+00:00,1991,33,72,,,,
2026-05-21T08:41:04+00:00,1992,33,72,,,,
2026-05-21T08:42:06+00:00,1993,33,72,,,,
2026-05-21T08:43:08+00:00,1994,33,72,,,,
2026-05-21T08:44:11+00:00,1995,33,72,,,,
2026-05-21T08:45:13+00:00,1996,33,72,,,,
2026-05-21T08:46:16+00:00,1997,33,72,,,,
2026-05-21T08:47:18+00:00,1998,33,72,,,,
2026-05-21T08:48:21+00:00,1999,33,72,,,,
2026-05-21T08:49:23+00:00,2000,33,72,,,,
2026-05-21T08:50:26+00:00,2001,33,72,,,,
2026-05-21T08:51:28+00:00,2002,33,72,,,,
2026-05-21T08:52:30+00:00,2003,33,72,,,,
2026-05-21T08:53:33+00:00,2004,33,72,,,,
2026-05-21T08:54:36+00:00,2005,33,72,,,,
2026-05-21T08:55:38+00:00,2006,33,72,,,,
2026-05-21T08:56:41+00:00,2007,33,72,,,,
2026-05-21T08:57:43+00:00,2008,33,72,,,,
2026-05-21T08:58:46+00:00,2009,33,72,,,,
2026-05-21T08:59:48+00:00,2010,33,72,,,,
2026-05-21T09:00:51+00:00,2011,33,72,,,,
2026-05-21T09:01:53+00:00,2012,33,72,,,,
2026-05-21T09:02:55+00:00,2013,33,72,,,,
2026-05-21T09:03:58+00:00,2014,33,71,,,,
2026-05-21T09:05:00+00:00,2015,33,71,,,,
2026-05-21T09:06:03+00:00,2016,33,71,,,,
2026-05-21T09:07:06+00:00,2017,33,71,,,,
2026-05-21T09:08:08+00:00,2018,33,71,,,,
2026-05-21T09:09:11+00:00,2019,33,71,,,,
2026-05-21T09:10:13+00:00,2020,33,71,,,,
2026-05-21T09:11:16+00:00,2021,33,71,,,,
2026-05-21T09:12:18+00:00,2022,33,71,,,,
2026-05-21T09:13:21+00:00,2023,33,71,,,,
2026-05-21T09:14:24+00:00,2024,33,71,,,,
2026-05-21T09:15:26+00:00,2025,33,71,,,,
2026-05-21T09:16:29+00:00,2026,33,71,,,,
2026-05-21T09:17:34+00:00,2027,33,70,,,,
2026-05-21T09:19:44+00:00,2028,33,70,,,,
2026-05-21T09:20:47+00:00,2029,33,70,,,,
2026-05-21T09:21:50+00:00,2030,33,70,,,,
2026-05-21T09:22:52+00:00,2031,33,70,,,,
2026-05-21T09:23:54+00:00,2032,33,70,,,,
2026-05-21T09:24:57+00:00,2033,33,70,,,,
2026-05-21T09:25:59+00:00,2034,33,70,,,,
2026-05-21T09:27:02+00:00,2035,33,70,,,,
2026-05-21T09:28:04+00:00,2036,33,70,,,,
2026-05-21T09:29:07+00:00,2037,33,70,,,,
2026-05-21T09:30:09+00:00,2038,33,70,,,,
2026-05-21T09:31:12+00:00,2039,33,70,,,,
2026-05-21T09:32:14+00:00,2040,33,69,,,,
2026-05-21T09:33:17+00:00,2041,33,69,,,,
2026-05-21T09:34:20+00:00,2042,33,69,,,,
2026-05-21T09:35:23+00:00,2043,33,69,,,,
2026-05-21T09:36:25+00:00,2044,33,69,,,,
2026-05-21T09:37:27+00:00,2045,33,69,,,,
2026-05-21T09:38:30+00:00,2046,33,69,,,,
2026-05-21T09:39:32+00:00,2047,33,69,,,,
2026-05-21T09:41:35+00:00,2048,33,69,,,,
2026-05-21T09:42:37+00:00,2049,33,69,,,,
2026-05-21T09:43:40+00:00,2050,33,69,,,,
2026-05-21T09:44:43+00:00,2051,33,69,,,,
2026-05-21T09:45:45+00:00,2052,33,69,,,,
2026-05-21T09:46:48+00:00,2053,33,69,,,,
2026-05-21T09:47:50+00:00,2054,33,69,,,,
2026-05-21T09:48:53+00:00,2055,33,69,,,,
2026-05-21T09:49:55+00:00,2056,34,69,,,,
2026-05-21T09:50:58+00:00,2057,34,69,,,,
2026-05-21T09:52:01+00:00,2058,34,69,,,,
2026-05-21T09:53:08+00:00,2059,34,68,,,,
2026-05-21T09:54:26+00:00,2060,34,68,,,,
2026-05-21T09:55:28+00:00,2061,34,68,,,,
2026-05-21T09:56:31+00:00,2062,34,68,,,,
2026-05-21T09:57:36+00:00,2063,34,68,,,,
2026-05-21T09:58:39+00:00,2064,34,68,,,,
2026-05-21T09:59:41+00:00,2065,34,68,,,,
2026-05-21T10:00:48+00:00,2066,34,68,,,,
2026-05-21T10:01:51+00:00,2067,34,68,,,,
2026-05-21T10:02:53+00:00,2068,34,68,,,,
2026-05-21T10:03:56+00:00,2069,34,68,,,,
2026-05-21T10:05:10+00:00,2070,34,68,,,,
2026-05-21T10:06:13+00:00,2071,34,68,,,,
2026-05-21T10:07:16+00:00,2072,34,68,,,,
2026-05-21T10:08:26+00:00,2073,34,68,,,,
2026-05-21T10:09:29+00:00,2074,34,68,,,,
2026-05-21T10:10:31+00:00,2075,34,67,,,,
2026-05-21T10:11:34+00:00,2076,34,67,,,,
2026-05-21T10:12:36+00:00,2077,34,67,,,,
2026-05-21T10:13:38+00:00,2078,34,67,,,,
2026-05-21T10:14:41+00:00,2079,34,67,,,,
2026-05-21T10:15:43+00:00,2080,34,68,,,,
2026-05-21T10:16:45+00:00,2081,34,68,,,,
2026-05-21T10:18:55+00:00,2082,34,68,,,,
2026-05-21T10:19:58+00:00,2083,34,68,,,,
2026-05-21T10:21:00+00:00,2084,34,67,,,,
2026-05-21T10:22:03+00:00,2085,34,67,,,,
2026-05-21T10:23:05+00:00,2086,34,67,,,,
2026-05-21T10:24:08+00:00,2087,34,67,,,,
2026-05-21T10:25:10+00:00,2088,34,67,,,,
2026-05-21T10:26:16+00:00,2089,34,67,,,,
2026-05-21T10:27:18+00:00,2090,34,67,,,,
2026-05-21T10:28:21+00:00,2091,34,67,,,,
2026-05-21T10:29:23+00:00,2092,34,67,,,,
2026-05-21T10:30:28+00:00,2093,34,67,,,,
2026-05-21T10:31:31+00:00,2094,34,67,,,,
2026-05-21T10:32:34+00:00,2095,34,67,,,,
2026-05-21T10:33:36+00:00,2096,34,66,,,,
2026-05-21T10:34:38+00:00,2097,34,67,,,,
2026-05-21T10:35:52+00:00,2098,34,67,,,,
2026-05-21T10:36:54+00:00,2099,34,67,,,,
2026-05-21T10:37:57+00:00,2100,34,67,,,,
2026-05-21T10:38:59+00:00,2101,34,67,,,,
2026-05-21T10:40:02+00:00,2102,33,67,,,,
2026-05-21T10:41:04+00:00,2103,33,68,,,,
2026-05-21T10:42:07+00:00,2104,33,67,,,,
2026-05-21T10:43:10+00:00,2105,33,68,,,,
2026-05-21T10:44:17+00:00,2106,33,68,,,,
2026-05-21T10:45:20+00:00,2107,33,67,,,,
2026-05-21T10:46:22+00:00,2108,34,67,,,,
2026-05-21T10:47:25+00:00,2109,34,67,,,,
2026-05-21T10:48:27+00:00,2110,33,67,,,,
2026-05-21T10:49:30+00:00,2111,34,67,,,,
2026-05-21T10:50:33+00:00,2112,33,67,,,,
2026-05-21T10:51:36+00:00,2113,33,67,,,,
2026-05-21T10:52:38+00:00,2114,33,68,,,,
2026-05-21T10:53:41+00:00,2115,33,67,,,,
2026-05-21T10:54:43+00:00,2116,34,67,,,,
2026-05-21T10:55:46+00:00,2117,34,67,,,,
2026-05-21T10:56:58+00:00,2118,34,67,,,,
2026-05-21T10:58:01+00:00,2119,34,67,,,,
2026-05-21T10:59:03+00:00,2120,34,67,,,,
2026-05-21T11:00:05+00:00,2121,34,67,,,,
2026-05-21T11:01:08+00:00,2122,34,67,,,,
2026-05-21T11:02:10+00:00,2123,34,67,,,,
2026-05-21T11:03:12+00:00,2124,34,67,,,,
2026-05-21T11:04:15+00:00,2125,34,67,,,,
2026-05-21T11:05:18+00:00,2126,34,67,,,,
2026-05-21T11:07:28+00:00,2127,33,67,,,,
2026-05-21T11:08:30+00:00,2128,33,67,,,,
2026-05-21T11:09:33+00:00,2129,33,67,,,,
2026-05-21T11:10:35+00:00,2130,33,67,,,,
2026-05-21T11:11:42+00:00,2131,34,67,,,,
2026-05-21T11:12:45+00:00,2132,34,67,,,,
2026-05-21T11:13:48+00:00,2133,34,67,,,,
2026-05-21T11:15:00+00:00,2134,34,67,,,,
2026-05-21T11:16:03+00:00,2135,34,67,,,,
2026-05-21T11:17:06+00:00,2136,34,67,,,,
2026-05-21T11:18:09+00:00,2137,34,67,,,,
2026-05-21T11:19:14+00:00,2138,34,67,,,,
2026-05-21T11:20:21+00:00,2139,34,67,,,,
2026-05-21T11:21:23+00:00,2140,34,67,,,,
2026-05-21T11:22:26+00:00,2141,34,67,,,,
2026-05-21T11:23:38+00:00,2142,34,66,,,,
2026-05-21T11:24:40+00:00,2143,34,66,,,,
2026-05-21T11:25:43+00:00,2144,34,66,,,,
2026-05-21T11:26:46+00:00,2145,34,66,,,,
2026-05-21T11:27:48+00:00,2146,34,66,,,,
2026-05-21T11:28:53+00:00,2147,34,66,,,,
2026-05-21T11:29:55+00:00,2148,34,66,,,,
2026-05-21T11:30:58+00:00,2149,34,66,,,,
2026-05-21T11:32:02+00:00,2150,34,66,,,,
2026-05-21T11:33:04+00:00,2151,34,66,,,,
2026-05-21T11:34:07+00:00,2152,34,66,,,,
2026-05-21T11:35:13+00:00,2153,34,66,,,,
2026-05-21T11:36:20+00:00,2154,34,66,,,,
2026-05-21T11:37:22+00:00,2155,34,66,,,,
2026-05-21T11:38:28+00:00,2156,34,66,,,,
2026-05-21T11:39:31+00:00,2157,34,66,,,,
2026-05-21T11:40:33+00:00,2158,34,66,,,,
2026-05-21T11:41:36+00:00,2159,34,66,,,,
2026-05-21T11:42:41+00:00,2160,34,66,,,,
2026-05-21T11:43:44+00:00,2161,34,66,,,,
2026-05-21T11:44:46+00:00,2162,34,66,,,,
2026-05-21T11:45:55+00:00,2163,34,66,,,,
2026-05-21T11:46:57+00:00,2164,34,66,,,,
2026-05-21T11:48:00+00:00,2165,34,66,,,,
2026-05-21T11:49:02+00:00,2166,34,66,,,,
2026-05-21T11:51:12+00:00,2167,34,66,,,,
2026-05-21T11:52:15+00:00,2168,34,66,,,,
2026-05-21T11:53:28+00:00,2169,34,66,,,,
2026-05-21T11:54:30+00:00,2170,34,66,,,,
2026-05-21T11:55:33+00:00,2171,34,66,,,,
2026-05-21T11:56:35+00:00,2172,34,66,,,,
2026-05-21T11:57:42+00:00,2173,34,66,,,,
2026-05-21T11:58:45+00:00,2174,34,66,,,,
2026-05-21T11:59:47+00:00,2175,34,66,,,,
2026-05-21T12:00:50+00:00,2176,34,66,,,,
2026-05-21T12:01:52+00:00,2177,34,66,,,,
2026-05-21T12:02:55+00:00,2178,33,67,,,,
2026-05-21T12:03:58+00:00,2179,33,67,,,,
2026-05-21T12:05:07+00:00,2180,33,67,,,,
2026-05-21T12:06:10+00:00,2181,34,67,,,,
2026-05-21T12:07:12+00:00,2182,34,67,,,,
2026-05-21T12:09:22+00:00,2183,34,66,,,,
2026-05-21T12:10:25+00:00,2184,34,66,,,,
2026-05-21T12:11:27+00:00,2185,34,67,,,,
2026-05-21T12:12:32+00:00,2186,34,66,,,,
2026-05-21T12:13:34+00:00,2187,34,66,,,,
2026-05-21T12:14:37+00:00,2188,34,67,,,,
2026-05-21T12:15:40+00:00,2189,34,67,,,,
2026-05-21T12:16:45+00:00,2190,34,67,,,,
2026-05-21T12:17:54+00:00,2191,34,67,,,,
2026-05-21T12:18:57+00:00,2192,34,66,,,,
2026-05-21T12:19:59+00:00,2193,34,66,,,,
2026-05-21T12:21:04+00:00,2194,34,66,,,,
2026-05-21T12:22:07+00:00,2195,34,66,,,,
2026-05-21T12:23:09+00:00,2196,34,66,,,,
2026-05-21T12:24:12+00:00,2197,34,66,,,,
2026-05-21T12:25:15+00:00,2198,34,66,,,,
2026-05-21T12:26:23+00:00,2199,34,66,,,,
2026-05-21T12:27:26+00:00,2200,34,66,,,,
2026-05-21T12:28:28+00:00,2201,34,66,,,,
2026-05-21T12:29:31+00:00,2202,34,66,,,,
2026-05-21T12:30:34+00:00,2203,34,66,,,,
2026-05-21T12:31:36+00:00,2204,34,66,,,,
2026-05-21T12:32:43+00:00,2205,33,65,,,,
2026-05-21T12:33:46+00:00,2206,33,64,,,,
2026-05-21T12:34:50+00:00,2207,33,65,,,,
2026-05-21T12:35:52+00:00,2208,33,66,,,,
2026-05-21T12:36:55+00:00,2209,33,66,,,,
2026-05-21T12:37:57+00:00,2210,33,66,,,,
2026-05-21T12:39:00+00:00,2211,33,66,,,,
2026-05-21T12:40:03+00:00,2212,33,65,,,,
2026-05-21T12:41:07+00:00,2213,33,66,,,,
2026-05-21T12:42:09+00:00,2214,33,66,,,,
2026-05-21T12:43:16+00:00,2215,33,66,,,,
2026-05-21T12:44:19+00:00,2216,33,66,,,,
2026-05-21T12:45:22+00:00,2217,33,66,,,,
2026-05-21T12:46:25+00:00,2218,33,66,,,,
2026-05-21T12:47:27+00:00,2219,33,66,,,,
2026-05-21T12:48:29+00:00,2220,33,66,,,,
2026-05-21T12:49:32+00:00,2221,33,66,,,,
2026-05-21T12:50:34+00:00,2222,33,66,,,,
2026-05-21T12:51:36+00:00,2223,33,67,,,,
2026-05-21T12:52:39+00:00,2224,33,66,,,,
2026-05-21T12:53:41+00:00,2225,33,67,,,,
2026-05-21T12:54:54+00:00,2226,33,67,,,,
2026-05-21T12:55:56+00:00,2227,33,67,,,,
2026-05-21T12:56:59+00:00,2228,33,67,,,,
2026-05-21T12:59:09+00:00,2229,33,67,,,,
2026-05-21T13:00:11+00:00,2230,33,67,,,,
2026-05-21T13:01:13+00:00,2231,33,67,,,,
2026-05-21T13:02:20+00:00,2232,33,67,,,,
2026-05-21T13:03:22+00:00,2233,33,67,,,,
2026-05-21T13:04:25+00:00,2234,33,67,,,,
2026-05-21T13:05:27+00:00,2235,33,67,,,,
2026-05-21T13:06:30+00:00,2236,33,67,,,,
2026-05-21T13:07:32+00:00,2237,33,67,,,,
2026-05-21T13:08:34+00:00,2238,33,67,,,,
2026-05-21T13:09:37+00:00,2239,33,67,,,,
2026-05-21T13:11:46+00:00,2240,33,68,,,,
2026-05-21T13:12:49+00:00,2241,33,68,,,,
2026-05-21T13:13:58+00:00,2242,33,68,,,,
2026-05-21T13:15:01+00:00,2243,33,68,,,,
2026-05-21T13:16:03+00:00,2244,33,68,,,,
2026-05-21T13:17:06+00:00,2245,33,68,,,,
2026-05-21T13:18:09+00:00,2246,33,68,,,,
2026-05-21T13:19:16+00:00,2247,33,68,,,,
2026-05-21T13:20:18+00:00,2248,33,68,,,,
2026-05-21T13:21:21+00:00,2249,33,68,,,,
2026-05-21T13:22:23+00:00,2250,33,68,,,,
2026-05-21T13:23:25+00:00,2251,33,68,,,,
2026-05-21T13:24:27+00:00,2252,33,68,,,,
2026-05-21T13:25:30+00:00,2253,33,68,,,,
2026-05-21T13:26:32+00:00,2254,33,68,,,,
2026-05-21T13:27:34+00:00,2255,33,68,,,,
2026-05-21T13:28:37+00:00,2256,33,68,,,,
2026-05-21T13:29:39+00:00,2257,33,68,,,,
2026-05-21T13:30:42+00:00,2258,33,68,,,,
2026-05-21T13:31:44+00:00,2259,33,68,,,,
2026-05-21T13:32:47+00:00,2260,33,68,,,,
2026-05-21T13:33:49+00:00,2261,33,68,,,,
2026-05-21T13:34:52+00:00,2262,33,68,,,,
2026-05-21T13:35:57+00:00,2263,33,68,,,,
2026-05-21T13:37:00+00:00,2264,33,68,,,,
2026-05-21T13:38:02+00:00,2265,33,68,,,,
2026-05-21T13:39:04+00:00,2266,33,68,,,,
2026-05-21T13:40:06+00:00,2267,33,68,,,,
2026-05-21T13:41:12+00:00,2268,33,68,,,,
2026-05-21T13:42:14+00:00,2269,33,68,,,,
2026-05-21T13:43:17+00:00,2270,33,68,,,,
2026-05-21T13:44:21+00:00,2271,33,68,,,,
2026-05-21T13:45:23+00:00,2272,33,68,,,,
2026-05-21T13:46:25+00:00,2273,33,68,,,,
2026-05-21T13:47:28+00:00,2274,33,69,,,,
2026-05-21T13:48:30+00:00,2275,33,68,,,,
2026-05-21T13:49:32+00:00,2276,33,68,,,,
2026-05-21T13:50:35+00:00,2277,33,68,,,,
2026-05-21T13:51:37+00:00,2278,33,68,,,,
2026-05-21T13:52:40+00:00,2279,33,68,,,,
2026-05-21T13:53:42+00:00,2280,33,68,,,,
2026-05-21T13:55:08+00:00,2281,33,68,,,,
2026-05-21T13:56:10+00:00,2282,33,68,,,,
2026-05-21T13:57:13+00:00,2283,33,68,,,,
2026-05-21T13:58:17+00:00,2284,33,68,,,,
2026-05-21T13:59:19+00:00,2285,33,68,,,,
2026-05-21T14:00:22+00:00,2286,33,69,,,,
2026-05-21T14:01:24+00:00,2287,33,68,,,,
2026-05-21T14:02:29+00:00,2288,33,69,,,,
2026-05-21T14:03:36+00:00,2289,33,69,,,,
2026-05-21T14:04:39+00:00,2290,33,70,,,,
2026-05-21T14:05:41+00:00,2291,33,70,,,,
2026-05-21T14:06:44+00:00,2292,33,70,,,,
2026-05-21T14:07:46+00:00,2293,33,70,,,,
2026-05-21T14:09:00+00:00,2294,33,70,,,,
2026-05-21T14:10:03+00:00,2295,33,70,,,,
2026-05-21T14:11:05+00:00,2296,33,71,,,,
2026-05-21T14:12:08+00:00,2297,32,71,,,,
2026-05-21T14:13:15+00:00,2298,32,71,,,,
2026-05-21T14:14:17+00:00,2299,32,71,,,,
2026-05-21T14:15:20+00:00,2300,33,71,,,,
2026-05-21T14:16:38+00:00,2301,33,71,,,,
2026-05-21T14:17:40+00:00,2302,33,71,,,,
2026-05-21T14:18:43+00:00,2303,33,71,,,,
2026-05-21T14:20:53+00:00,2304,33,71,,,,
2026-05-21T14:21:56+00:00,2305,33,71,,,,
2026-05-21T14:23:06+00:00,2306,33,71,,,,
2026-05-21T14:24:08+00:00,2307,33,71,,,,
2026-05-21T14:25:11+00:00,2308,33,71,,,,
2026-05-21T14:26:14+00:00,2309,33,71,,,,
2026-05-21T14:27:16+00:00,2310,33,71,,,,
2026-05-21T14:29:26+00:00,2311,33,71,,,,
2026-05-21T14:30:28+00:00,2312,33,71,,,,
2026-05-21T14:31:30+00:00,2313,33,70,,,,
2026-05-21T14:32:38+00:00,2314,33,71,,,,
2026-05-21T14:33:40+00:00,2315,33,70,,,,
2026-05-21T14:34:43+00:00,2316,33,70,,,,
2026-05-21T14:36:52+00:00,2317,33,70,,,,
2026-05-21T14:37:55+00:00,2318,33,70,,,,
2026-05-21T14:38:57+00:00,2319,33,70,,,,
2026-05-21T14:40:00+00:00,2320,33,70,,,,
2026-05-21T14:41:02+00:00,2321,33,71,,,,
2026-05-21T14:42:05+00:00,2322,33,71,,,,
2026-05-21T14:43:07+00:00,2323,33,71,,,,
2026-05-21T14:44:09+00:00,2324,33,70,,,,
2026-05-21T14:45:12+00:00,2325,33,71,,,,
2026-05-21T14:46:14+00:00,2326,33,70,,,,
2026-05-21T14:47:17+00:00,2327,33,71,,,,
2026-05-21T14:48:19+00:00,2328,33,70,,,,
2026-05-21T14:49:26+00:00,2329,33,71,,,,
2026-05-21T14:50:28+00:00,2330,33,70,,,,
2026-05-21T14:51:31+00:00,2331,33,71,,,,
2026-05-21T14:52:39+00:00,2332,33,70,,,,
2026-05-21T14:53:41+00:00,2333,33,71,,,,
2026-05-21T14:54:44+00:00,2334,33,71,,,,
2026-05-21T14:55:46+00:00,2335,33,71,,,,
2026-05-21T14:56:51+00:00,2336,33,71,,,,
2026-05-21T14:57:54+00:00,2337,33,71,,,,
2026-05-21T14:58:56+00:00,2338,33,71,,,,
2026-05-21T15:00:02+00:00,2339,33,71,,,,
2026-05-21T15:01:05+00:00,2340,33,71,,,,
2026-05-21T15:02:07+00:00,2341,33,71,,,,
2026-05-21T15:03:10+00:00,2342,33,71,,,,
2026-05-21T15:04:20+00:00,2343,33,71,,,,
2026-05-21T15:05:22+00:00,2344,33,71,,,,
2026-05-21T15:06:25+00:00,2345,33,71,,,,
2026-05-21T15:07:28+00:00,2346,33,71,,,,
2026-05-21T15:08:35+00:00,2347,33,71,,,,
2026-05-21T15:09:38+00:00,2348,33,71,,,,
2026-05-21T15:10:40+00:00,2349,33,71,,,,
2026-05-21T15:11:43+00:00,2350,33,71,,,,
2026-05-21T15:12:45+00:00,2351,33,71,,,,
2026-05-21T15:13:47+00:00,2352,33,71,,,,
2026-05-21T15:14:50+00:00,2353,33,71,,,,
2026-05-21T15:15:52+00:00,2354,33,71,,,,
2026-05-21T15:16:54+00:00,2355,33,71,,,,
2026-05-21T15:17:57+00:00,2356,33,71,,,,
2026-05-21T15:18:59+00:00,2357,33,71,,,,
2026-05-21T15:20:03+00:00,2358,33,71,,,,
2026-05-21T15:21:05+00:00,2359,33,71,,,,
2026-05-21T15:22:08+00:00,2360,33,71,,,,
2026-05-21T15:23:14+00:00,2361,33,71,,,,
2026-05-21T15:24:17+00:00,2362,33,71,,,,
2026-05-21T15:25:19+00:00,2363,33,72,,,,
2026-05-21T15:26:22+00:00,2364,33,72,,,,
2026-05-21T15:27:24+00:00,2365,33,72,,,,
2026-05-21T15:28:26+00:00,2366,33,72,,,,
2026-05-21T15:29:29+00:00,2367,33,72,,,,
2026-05-21T15:30:35+00:00,2368,33,72,,,,
2026-05-21T15:31:37+00:00,2369,33,72,,,,
2026-05-21T15:32:40+00:00,2370,33,72,,,,
2026-05-21T15:33:42+00:00,2371,33,72,,,,
2026-05-21T15:34:44+00:00,2372,33,72,,,,
2026-05-21T15:35:58+00:00,2373,33,72,,,,
2026-05-21T15:37:00+00:00,2374,33,72,,,,
2026-05-21T15:38:03+00:00,2375,33,72,,,,
2026-05-21T15:39:05+00:00,2376,33,72,,,,
2026-05-21T15:40:08+00:00,2377,33,71,,,,
2026-05-21T15:41:10+00:00,2378,33,72,,,,
2026-05-21T15:42:19+00:00,2379,33,71,,,,
2026-05-21T15:43:21+00:00,2380,33,71,,,,
2026-05-21T15:44:24+00:00,2381,33,71,,,,
2026-05-21T15:45:26+00:00,2382,33,71,,,,
2026-05-21T15:46:28+00:00,2383,33,71,,,,
2026-05-21T15:47:41+00:00,2384,33,71,,,,
2026-05-21T15:48:43+00:00,2385,33,71,,,,
2026-05-21T15:49:45+00:00,2386,33,71,,,,
2026-05-21T15:50:48+00:00,2387,33,71,,,,
2026-05-21T15:51:50+00:00,2388,33,71,,,,
2026-05-21T15:52:54+00:00,2389,33,71,,,,
2026-05-21T15:53:56+00:00,2390,33,71,,,,
2026-05-21T15:54:58+00:00,2391,33,71,,,,
2026-05-21T15:56:02+00:00,2392,33,71,,,,
2026-05-21T15:57:05+00:00,2393,33,71,,,,
2026-05-21T15:58:07+00:00,2394,33,71,,,,
2026-05-21T15:59:10+00:00,2395,33,71,,,,
2026-05-21T16:00:12+00:00,2396,33,71,,,,
2026-05-21T16:01:15+00:00,2397,33,71,,,,
2026-05-21T16:02:17+00:00,2398,33,71,,,,
2026-05-21T16:03:24+00:00,2399,33,71,,,,
2026-05-21T16:04:27+00:00,2400,33,71,,,,
2026-05-21T16:05:29+00:00,2401,33,71,,,,
2026-05-21T16:06:32+00:00,2402,33,71,,,,
2026-05-21T16:07:34+00:00,2403,33,71,,,,
2026-05-21T16:08:36+00:00,2404,33,71,,,,
2026-05-21T16:09:39+00:00,2405,33,71,,,,
2026-05-21T16:10:41+00:00,2406,33,71,,,,
2026-05-21T16:11:43+00:00,2407,33,71,,,,
2026-05-21T16:12:46+00:00,2408,33,71,,,,
2026-05-21T16:13:48+00:00,2409,33,71,,,,
2026-05-21T16:14:50+00:00,2410,33,71,,,,
2026-05-21T16:15:53+00:00,2411,33,71,,,,
2026-05-21T16:16:55+00:00,2412,33,71,,,,
2026-05-21T16:18:02+00:00,2413,33,71,,,,
2026-05-21T16:19:04+00:00,2414,33,71,,,,
2026-05-21T16:20:07+00:00,2415,33,71,,,,
2026-05-21T16:21:09+00:00,2416,33,71,,,,
2026-05-21T16:22:11+00:00,2417,33,71,,,,
2026-05-21T16:23:14+00:00,2418,33,71,,,,
2026-05-21T16:24:17+00:00,2419,33,71,,,,
2026-05-21T16:25:19+00:00,2420,33,71,,,,
2026-05-21T16:26:21+00:00,2421,33,72,,,,
2026-05-21T16:27:24+00:00,2422,33,72,,,,
2026-05-21T16:28:28+00:00,2423,33,72,,,,
2026-05-21T16:29:31+00:00,2424,33,72,,,,
2026-05-21T16:30:33+00:00,2425,33,72,,,,
2026-05-21T16:31:35+00:00,2426,33,72,,,,
2026-05-21T16:32:41+00:00,2427,33,72,,,,
2026-05-21T16:33:44+00:00,2428,33,72,,,,
2026-05-21T16:34:46+00:00,2429,33,72,,,,
2026-05-21T16:35:59+00:00,2430,33,72,,,,
2026-05-21T16:37:01+00:00,2431,33,72,,,,
2026-05-21T16:38:03+00:00,2432,33,72,,,,
2026-05-21T16:39:10+00:00,2433,33,72,,,,
2026-05-21T16:40:12+00:00,2434,33,72,,,,
2026-05-21T16:41:14+00:00,2435,33,72,,,,
2026-05-21T16:42:16+00:00,2436,33,72,,,,
2026-05-21T16:43:19+00:00,2437,33,72,,,,
2026-05-21T16:44:31+00:00,2438,33,72,,,,
2026-05-21T16:45:33+00:00,2439,33,72,,,,
2026-05-21T16:46:35+00:00,2440,33,72,,,,
2026-05-21T16:47:38+00:00,2441,33,72,,,,
2026-05-21T16:48:40+00:00,2442,33,72,,,,
2026-05-21T16:49:45+00:00,2443,33,72,,,,
2026-05-21T16:50:47+00:00,2444,33,72,,,,
2026-05-21T16:51:50+00:00,2445,33,72,,,,
2026-05-21T16:52:52+00:00,2446,33,72,,,,
2026-05-21T16:53:58+00:00,2447,33,72,,,,
2026-05-21T16:55:01+00:00,2448,33,72,,,,
2026-05-21T16:56:04+00:00,2449,33,72,,,,
2026-05-21T16:57:08+00:00,2450,33,72,,,,
2026-05-21T16:58:10+00:00,2451,33,72,,,,
2026-05-21T16:59:13+00:00,2452,33,72,,,,
2026-05-21T17:00:16+00:00,2453,33,72,,,,
2026-05-21T17:01:23+00:00,2454,33,72,,,,
2026-05-21T17:02:27+00:00,2455,33,72,,,,
2026-05-21T17:03:31+00:00,2456,33,72,,,,
2026-05-21T17:04:39+00:00,2457,33,73,,,,
2026-05-21T17:05:42+00:00,2458,33,73,,,,
2026-05-21T17:06:45+00:00,2459,33,73,,,,
2026-05-21T17:07:50+00:00,2460,33,73,,,,
2026-05-21T17:08:53+00:00,2461,33,72,,,,
2026-05-21T17:09:56+00:00,2462,33,72,,,,
2026-05-21T17:10:59+00:00,2463,33,72,,,,
2026-05-21T17:13:09+00:00,2464,33,73,,,,
2026-05-21T17:14:12+00:00,2465,33,73,,,,
2026-05-21T17:15:16+00:00,2466,33,73,,,,
2026-05-21T17:16:20+00:00,2467,33,73,,,,
2026-05-21T17:17:23+00:00,2468,33,73,,,,
2026-05-21T17:18:25+00:00,2469,33,73,,,,
2026-05-21T17:19:28+00:00,2470,33,73,,,,
2026-05-21T17:20:34+00:00,2471,33,73,,,,
2026-05-21T17:21:37+00:00,2472,33,73,,,,
2026-05-21T17:22:40+00:00,2473,33,73,,,,
2026-05-21T17:23:44+00:00,2474,33,73,,,,
2026-05-21T17:24:47+00:00,2475,33,73,,,,
2026-05-21T17:25:51+00:00,2476,33,73,,,,
2026-05-21T17:26:54+00:00,2477,33,73,,,,
2026-05-21T17:27:58+00:00,2478,32,73,,,,
2026-05-21T17:39:27+00:00,2479,32,73,,,,
2026-05-21T17:40:29+00:00,2480,32,73,,,,
2026-05-21T17:41:32+00:00,2481,32,73,,,,
2026-05-21T17:42:36+00:00,2482,32,73,,,,
2026-05-21T17:43:38+00:00,2483,33,73,,,,
2026-05-21T17:44:41+00:00,2484,33,73,,,,
2026-05-21T17:45:43+00:00,2485,33,73,,,,
2026-05-21T17:46:52+00:00,2486,33,72,,,,
2026-05-21T17:47:54+00:00,2487,33,72,,,,
2026-05-21T17:48:57+00:00,2488,33,72,,,,
2026-05-21T17:49:59+00:00,2489,33,72,,,,
2026-05-21T17:51:02+00:00,2490,33,73,,,,
2026-05-21T17:52:04+00:00,2491,33,72,,,,
2026-05-21T17:53:06+00:00,2492,33,72,,,,
2026-05-21T17:54:09+00:00,2493,33,73,,,,
2026-05-21T17:55:12+00:00,2494,33,73,,,,
2026-05-21T17:56:24+00:00,2495,33,73,,,,
2026-05-21T17:57:27+00:00,2496,33,73,,,,
2026-05-21T17:58:29+00:00,2497,33,73,,,,
2026-05-21T17:59:32+00:00,2498,33,73,,,,
2026-05-21T18:00:34+00:00,2499,33,73,,,,
2026-05-21T18:01:36+00:00,2500,33,73,,,,
2026-05-21T18:02:39+00:00,2501,33,73,,,,
2026-05-21T18:03:41+00:00,2502,33,73,,,,
2026-05-21T18:04:43+00:00,2503,33,73,,,,
2026-05-21T18:05:46+00:00,2504,33,73,,,,
2026-05-22T03:26:35+00:00,2505,30,75,,,,
2026-05-22T03:27:49+00:00,2506,30,75,,,,
2026-05-22T03:28:52+00:00,2507,30,74,,,,
2026-05-22T03:29:54+00:00,2508,30,75,,,,
2026-05-22T03:30:57+00:00,2509,30,75,,,,
2026-05-22T03:31:59+00:00,2510,30,75,,,,
2026-05-22T03:33:01+00:00,2511,31,75,,,,
2026-05-22T03:34:04+00:00,2512,31,75,,,,
2026-05-22T03:35:06+00:00,2513,31,75,,,,
2026-05-22T03:36:08+00:00,2514,31,75,,,,
2026-05-22T03:37:11+00:00,2515,31,75,,,,
2026-05-22T03:38:13+00:00,2516,31,75,,,,
2026-05-22T04:02:00+00:00,2517,31,74,,,,
2026-05-22T04:03:02+00:00,2518,31,74,,,,
2026-05-22T04:04:05+00:00,2519,31,74,,,,
2026-05-22T04:05:08+00:00,2520,31,74,,,,
2026-05-22T04:06:10+00:00,2521,31,74,,,,
2026-05-22T04:07:13+00:00,2522,31,74,,,,
2026-05-22T04:08:15+00:00,2523,31,74,,,,
2026-05-22T04:09:18+00:00,2524,31,74,,,,
2026-05-22T04:10:21+00:00,2525,31,74,,,,
2026-05-22T04:11:24+00:00,2526,31,74,,,,
2026-05-22T04:12:27+00:00,2527,31,75,,,,
2026-05-22T04:13:29+00:00,2528,31,74,,,,
2026-05-22T04:14:32+00:00,2529,31,74,,,,
2026-05-22T04:15:34+00:00,2530,31,74,,,,
2026-05-22T04:16:37+00:00,2531,31,74,,,,
2026-05-22T04:17:40+00:00,2532,31,74,,,,
2026-05-22T04:18:43+00:00,2533,31,74,,,,
2026-05-22T04:42:04+00:00,2534,30,75,,,,
2026-05-22T04:43:07+00:00,2535,30,75,,,,
2026-05-22T04:44:10+00:00,2536,30,76,,,,
2026-05-22T04:45:13+00:00,2537,30,76,,,,
2026-05-22T04:46:15+00:00,2538,30,76,,,,
2026-05-22T04:47:18+00:00,2539,30,75,,,,
2026-05-22T04:48:21+00:00,2540,31,75,,,,
2026-05-22T04:49:25+00:00,2541,31,75,,,,
2026-05-22T04:50:30+00:00,2542,31,75,,,,
2026-05-22T04:51:32+00:00,2543,31,75,,,,
2026-05-22T04:52:35+00:00,2544,31,75,,,,
2026-05-22T04:53:38+00:00,2545,31,75,,,,
2026-05-22T04:54:40+00:00,2546,31,75,,,,
2026-05-22T04:55:43+00:00,2547,31,75,,,,
2026-05-22T04:57:53+00:00,2548,31,74,,,,
2026-05-22T04:58:55+00:00,2549,31,74,,,,
2026-05-22T04:59:58+00:00,2550,31,74,,,,
2026-05-22T05:01:00+00:00,2551,31,74,,,,
2026-05-22T05:02:03+00:00,2552,31,74,,,,
2026-05-22T05:03:12+00:00,2553,31,74,,,,
2026-05-22T05:56:42+00:00,2554,31,73,,,,
2026-05-22T05:57:45+00:00,2555,31,73,,,,
2026-05-22T05:58:47+00:00,2556,31,74,,,,
2026-05-22T05:59:50+00:00,2557,31,74,,,,
2026-05-22T06:01:59+00:00,2558,31,74,,,,
2026-05-22T06:03:02+00:00,2559,31,73,,,,
2026-05-22T06:04:05+00:00,2560,31,73,,,,
2026-05-22T06:05:12+00:00,2561,31,73,,,,
2026-05-22T06:06:14+00:00,2562,31,73,,,,
2026-05-22T06:07:17+00:00,2563,31,73,,,,
2026-05-22T06:08:20+00:00,2564,31,73,,,,
2026-05-22T06:09:24+00:00,2565,31,73,,,,
2026-05-22T06:10:26+00:00,2566,31,73,,,,
2026-05-22T06:12:25+00:00,2567,31,73,,,,
2026-05-22T06:13:27+00:00,2568,31,73,,,,
2026-05-22T06:14:30+00:00,2569,31,73,,,,
2026-05-22T06:15:32+00:00,2570,31,73,,,,
2026-05-22T06:16:35+00:00,2571,31,73,,,,
2026-05-22T06:17:37+00:00,2572,31,73,,,,
2026-05-22T06:18:39+00:00,2573,31,73,,,,
2026-05-22T06:19:52+00:00,2574,31,73,,,,
2026-05-22T06:20:54+00:00,2575,31,73,,,,
2026-05-22T06:21:57+00:00,2576,31,73,,,,
2026-05-22T06:22:59+00:00,2577,31,73,,,,
2026-05-22T06:24:01+00:00,2578,31,74,,,,
2026-05-22T06:25:04+00:00,2579,31,74,,,,
2026-05-22T06:26:06+00:00,2580,31,74,,,,
2026-05-22T06:27:08+00:00,2581,31,74,,,,
2026-05-22T06:28:15+00:00,2582,31,74,,,,
2026-05-22T06:29:17+00:00,2583,31,74,,,,
2026-05-22T06:30:20+00:00,2584,31,74,,,,
2026-05-22T06:31:22+00:00,2585,31,74,,,,
2026-05-22T06:32:27+00:00,2586,31,74,,,,
2026-05-22T06:33:29+00:00,2587,31,74,,,,
2026-05-22T06:34:32+00:00,2588,31,74,,,,
2026-05-22T06:35:34+00:00,2589,31,74,,,,
2026-05-22T06:36:44+00:00,2590,31,74,,,,
2026-05-22T06:37:52+00:00,2591,31,74,,,,
2026-05-22T06:38:54+00:00,2592,31,74,,,,
2026-05-22T06:40:03+00:00,2593,31,74,,,,
2026-05-22T06:41:05+00:00,2594,31,74,,,,
2026-05-22T06:42:08+00:00,2595,31,74,,,,
2026-05-22T06:43:10+00:00,2596,31,74,,,,
2026-05-22T06:44:12+00:00,2597,31,74,,,,
2026-05-22T06:45:19+00:00,2598,31,74,,,,
2026-05-22T06:46:21+00:00,2599,31,74,,,,
2026-05-22T06:47:23+00:00,2600,31,74,,,,
2026-05-22T06:48:26+00:00,2601,31,74,,,,
2026-05-22T06:49:32+00:00,2602,31,74,,,,
2026-05-22T06:50:34+00:00,2603,31,74,,,,
2026-05-22T06:51:37+00:00,2604,31,74,,,,
2026-05-22T06:52:39+00:00,2605,31,74,,,,
2026-05-22T06:53:46+00:00,2606,31,74,,,,
2026-05-22T06:54:49+00:00,2607,31,74,,,,
2026-05-22T06:55:51+00:00,2608,31,74,,,,
2026-05-22T06:56:54+00:00,2609,31,74,,,,
2026-05-22T06:57:56+00:00,2610,31,74,,,,
2026-05-22T06:58:58+00:00,2611,31,74,,,,
2026-05-22T07:00:00+00:00,2612,31,74,,,,
2026-05-22T07:01:03+00:00,2613,31,74,,,,
2026-05-22T07:02:09+00:00,2614,31,74,,,,
2026-05-22T07:03:12+00:00,2615,31,74,,,,
2026-05-22T07:04:14+00:00,2616,31,74,,,,
2026-05-22T07:05:17+00:00,2617,31,74,,,,
2026-05-22T07:06:19+00:00,2618,31,74,,,,
2026-05-22T07:07:22+00:00,2619,31,74,,,,
2026-05-22T07:08:24+00:00,2620,31,74,,,,
2026-05-22T07:09:27+00:00,2621,31,74,,,,
2026-05-22T07:10:34+00:00,2622,31,74,,,,
2026-05-22T07:11:41+00:00,2623,31,73,,,,
2026-05-22T07:12:43+00:00,2624,31,73,,,,
2026-05-22T07:13:46+00:00,2625,31,73,,,,
2026-05-22T07:14:48+00:00,2626,31,73,,,,
2026-05-22T07:15:52+00:00,2627,31,73,,,,
2026-05-22T07:16:54+00:00,2628,31,73,,,,
2026-05-22T07:17:57+00:00,2629,31,72,,,,
2026-05-22T07:18:59+00:00,2630,31,72,,,,
2026-05-22T07:20:01+00:00,2631,31,73,,,,
2026-05-22T07:21:03+00:00,2632,31,73,,,,
2026-05-22T07:22:06+00:00,2633,31,73,,,,
2026-05-22T07:23:08+00:00,2634,31,73,,,,
2026-05-22T07:24:11+00:00,2635,31,73,,,,
2026-05-22T07:25:13+00:00,2636,31,73,,,,
2026-05-22T07:26:16+00:00,2637,31,72,,,,
2026-05-22T07:27:18+00:00,2638,31,72,,,,
2026-05-22T07:28:21+00:00,2639,31,72,,,,
2026-05-22T07:29:23+00:00,2640,31,72,,,,
2026-05-22T07:30:25+00:00,2641,31,71,,,,
2026-05-22T07:31:32+00:00,2642,31,71,,,,
2026-05-22T07:32:34+00:00,2643,31,71,,,,
2026-05-22T07:33:37+00:00,2644,31,70,,,,
2026-05-22T07:34:39+00:00,2645,31,69,,,,
2026-05-22T07:35:42+00:00,2646,31,69,,,,
2026-05-22T07:36:44+00:00,2647,31,69,,,,
2026-05-22T07:37:47+00:00,2648,31,68,,,,
2026-05-22T07:38:49+00:00,2649,31,68,,,,
2026-05-22T07:39:51+00:00,2650,31,68,,,,
2026-05-22T07:40:55+00:00,2651,31,68,,,,
2026-05-22T07:41:57+00:00,2652,31,69,,,,
2026-05-22T07:43:00+00:00,2653,31,69,,,,
2026-05-22T07:44:02+00:00,2654,31,69,,,,
2026-05-22T07:45:05+00:00,2655,32,68,,,,
2026-05-22T07:46:08+00:00,2656,31,68,,,,
2026-05-22T07:47:10+00:00,2657,32,68,,,,
2026-05-22T07:48:13+00:00,2658,32,68,,,,
2026-05-22T07:52:37+00:00,2659,32,68,,,,
2026-05-22T07:54:46+00:00,2660,32,68,,,,
2026-05-22T07:55:48+00:00,2661,32,68,,,,
2026-05-22T07:56:54+00:00,2662,32,69,,,,
2026-05-22T07:58:06+00:00,2663,32,69,,,,
2026-05-22T07:59:08+00:00,2664,32,69,,,,
2026-05-22T08:00:10+00:00,2665,32,69,,,,
2026-05-22T08:01:17+00:00,2666,32,69,,,,
2026-05-22T08:02:19+00:00,2667,32,69,,,,
2026-05-22T08:03:22+00:00,2668,32,69,,,,
2026-05-22T08:04:34+00:00,2669,32,69,,,,
2026-05-22T08:05:36+00:00,2670,32,69,,,,
2026-05-22T08:06:38+00:00,2671,32,68,,,,
2026-05-22T08:07:41+00:00,2672,32,68,,,,
2026-05-22T08:08:54+00:00,2673,32,68,,,,
2026-05-22T08:09:56+00:00,2674,32,68,,,,
2026-05-22T08:10:59+00:00,2675,32,68,,,,
2026-05-22T08:12:01+00:00,2676,32,68,,,,
2026-05-22T08:13:04+00:00,2677,32,68,,,,
2026-05-22T08:14:06+00:00,2678,32,68,,,,
2026-05-22T08:15:32+00:00,2679,32,68,,,,
2026-05-22T08:16:34+00:00,2680,32,67,,,,
2026-05-22T08:17:36+00:00,2681,32,67,,,,
2026-05-22T08:18:38+00:00,2682,32,67,,,,
2026-05-22T08:19:40+00:00,2683,32,67,,,,
2026-05-22T08:20:43+00:00,2684,32,67,,,,
2026-05-22T08:21:51+00:00,2685,32,67,,,,
2026-05-22T08:22:53+00:00,2686,32,67,,,,
2026-05-22T08:23:56+00:00,2687,32,68,,,,
2026-05-22T08:24:58+00:00,2688,32,68,,,,
2026-05-22T08:34:03+00:00,2689,32,68,,,,
2026-05-22T08:35:06+00:00,2690,32,68,,,,
2026-05-22T08:36:08+00:00,2691,32,68,,,,
2026-05-22T08:37:11+00:00,2692,32,68,,,,
2026-05-22T08:38:14+00:00,2693,32,67,,,,
2026-05-22T08:39:16+00:00,2694,32,67,,,,
2026-05-22T08:40:19+00:00,2695,32,67,,,,
2026-05-22T08:41:22+00:00,2696,32,67,,,,
2026-05-22T08:42:24+00:00,2697,32,67,,,,
2026-05-22T08:43:26+00:00,2698,32,67,,,,
2026-05-22T08:44:28+00:00,2699,32,67,,,,
2026-05-22T08:45:31+00:00,2700,32,67,,,,
2026-05-22T08:46:34+00:00,2701,32,66,,,,
2026-05-22T08:47:36+00:00,2702,32,66,,,,
2026-05-22T08:48:39+00:00,2703,32,66,,,,
2026-05-22T08:49:42+00:00,2704,32,66,,,,
2026-05-22T08:50:44+00:00,2705,32,66,,,,
2026-05-22T08:51:47+00:00,2706,32,66,,,,
2026-05-22T08:52:49+00:00,2707,32,66,,,,
2026-05-22T08:53:51+00:00,2708,32,66,,,,
2026-05-22T08:54:54+00:00,2709,32,65,,,,
2026-05-22T08:55:56+00:00,2710,32,65,,,,
2026-05-22T08:56:58+00:00,2711,32,65,,,,
2026-05-22T08:58:00+00:00,2712,32,65,,,,
2026-05-22T08:59:03+00:00,2713,32,65,,,,
2026-05-22T09:00:05+00:00,2714,32,65,,,,
2026-05-22T09:01:07+00:00,2715,32,65,,,,
2026-05-22T09:02:10+00:00,2716,32,65,,,,
2026-05-22T09:03:12+00:00,2717,32,65,,,,
2026-05-22T09:04:14+00:00,2718,32,65,,,,
2026-05-22T09:05:17+00:00,2719,33,65,,,,
2026-05-22T09:06:20+00:00,2720,33,65,,,,
2026-05-22T09:07:22+00:00,2721,33,65,,,,
2026-05-22T09:08:25+00:00,2722,33,65,,,,
2026-05-22T09:09:27+00:00,2723,33,65,,,,
2026-05-22T09:10:29+00:00,2724,33,65,,,,
2026-05-22T09:11:32+00:00,2725,33,65,,,,
2026-05-22T09:12:34+00:00,2726,33,65,,,,
2026-05-22T09:13:37+00:00,2727,33,65,,,,
2026-05-22T09:14:39+00:00,2728,33,65,,,,
2026-05-22T09:15:42+00:00,2729,33,65,,,,
2026-05-22T09:16:45+00:00,2730,33,65,,,,
2026-05-22T09:17:47+00:00,2731,33,65,,,,
2026-05-22T09:18:50+00:00,2732,33,65,,,,
2026-05-22T09:19:52+00:00,2733,33,65,,,,
2026-05-22T09:20:54+00:00,2734,33,65,,,,
2026-05-22T09:21:57+00:00,2735,33,65,,,,
2026-05-22T09:22:59+00:00,2736,33,65,,,,
2026-05-22T09:24:02+00:00,2737,33,65,,,,
2026-05-22T09:25:04+00:00,2738,33,65,,,,
2026-05-22T09:26:07+00:00,2739,33,65,,,,
2026-05-22T09:27:09+00:00,2740,33,65,,,,
2026-05-22T09:28:12+00:00,2741,33,65,,,,
2026-05-22T09:29:14+00:00,2742,33,65,,,,
2026-05-22T09:30:17+00:00,2743,33,65,,,,
2026-05-22T09:31:19+00:00,2744,33,65,,,,
2026-05-22T09:32:21+00:00,2745,33,65,,,,
2026-05-22T09:33:24+00:00,2746,33,65,,,,
2026-05-22T09:34:27+00:00,2747,33,65,,,,
2026-05-22T09:35:29+00:00,2748,33,65,,,,
2026-05-22T09:36:32+00:00,2749,33,65,,,,
2026-05-22T09:37:34+00:00,2750,33,65,,,,
2026-05-22T09:38:37+00:00,2751,33,65,,,,
2026-05-22T09:39:39+00:00,2752,33,65,,,,
2026-05-22T09:40:42+00:00,2753,33,65,,,,
2026-05-22T09:41:44+00:00,2754,33,65,,,,
2026-05-22T09:42:47+00:00,2755,33,65,,,,
2026-05-22T09:43:50+00:00,2756,33,65,,,,
2026-05-22T09:44:52+00:00,2757,33,65,,,,
2026-05-22T09:45:55+00:00,2758,33,65,,,,
2026-05-22T09:46:57+00:00,2759,33,65,,,,
2026-05-22T09:47:59+00:00,2760,33,65,,,,
2026-05-22T09:49:02+00:00,2761,33,65,,,,
2026-05-22T09:50:04+00:00,2762,33,65,,,,
2026-05-22T09:51:07+00:00,2763,33,65,,,,
2026-05-22T09:52:09+00:00,2764,33,65,,,,
2026-05-22T09:53:12+00:00,2765,33,65,,,,
2026-05-22T09:54:14+00:00,2766,33,65,,,,
2026-05-22T09:55:17+00:00,2767,33,65,,,,
2026-05-22T09:56:19+00:00,2768,33,65,,,,
2026-05-22T09:57:22+00:00,2769,33,65,,,,
2026-05-22T09:58:24+00:00,2770,33,65,,,,
2026-05-22T09:59:27+00:00,2771,33,65,,,,
2026-05-22T10:00:29+00:00,2772,33,65,,,,
2026-05-22T10:01:32+00:00,2773,33,65,,,,
2026-05-22T10:02:34+00:00,2774,33,65,,,,
2026-05-22T10:03:37+00:00,2775,33,65,,,,
2026-05-22T10:04:39+00:00,2776,33,65,,,,
2026-05-22T10:05:42+00:00,2777,33,65,,,,
2026-05-22T10:06:45+00:00,2778,33,65,,,,
2026-05-22T10:07:48+00:00,2779,33,65,,,,
2026-05-22T10:08:50+00:00,2780,33,65,,,,
2026-05-22T10:09:52+00:00,2781,33,65,,,,
2026-05-22T10:10:55+00:00,2782,33,65,,,,
2026-05-22T10:11:58+00:00,2783,33,65,,,,
2026-05-22T10:13:01+00:00,2784,33,65,,,,
2026-05-22T10:14:03+00:00,2785,33,65,,,,
2026-05-22T10:15:05+00:00,2786,33,64,,,,
2026-05-22T10:16:08+00:00,2787,33,64,,,,
2026-05-22T10:17:11+00:00,2788,33,64,,,,
2026-05-22T10:18:13+00:00,2789,33,64,,,,
2026-05-22T10:19:16+00:00,2790,33,64,,,,
2026-05-22T10:20:18+00:00,2791,33,64,,,,
2026-05-22T10:21:20+00:00,2792,33,64,,,,
2026-05-22T10:22:23+00:00,2793,33,64,,,,
2026-05-22T10:23:26+00:00,2794,33,64,,,,
2026-05-22T10:24:29+00:00,2795,33,64,,,,
2026-05-22T10:25:31+00:00,2796,33,64,,,,
2026-05-22T10:26:33+00:00,2797,33,64,,,,
2026-05-22T10:27:36+00:00,2798,33,64,,,,
2026-05-22T10:28:38+00:00,2799,33,64,,,,
2026-05-22T10:29:41+00:00,2800,33,64,,,,
2026-05-22T10:37:23+00:00,2801,33,64,,,,
2026-05-22T10:38:25+00:00,2802,33,64,,,,
2026-05-22T10:39:27+00:00,2803,33,65,,,,
2026-05-22T10:40:30+00:00,2804,33,65,,,,
2026-05-22T10:41:32+00:00,2805,33,65,,,,
2026-05-22T10:42:34+00:00,2806,33,65,,,,
2026-05-22T10:43:37+00:00,2807,33,65,,,,
2026-05-22T10:44:40+00:00,2808,33,65,,,,
2026-05-22T10:45:43+00:00,2809,33,65,,,,
2026-05-22T10:46:45+00:00,2810,33,64,,,,
2026-05-22T10:47:47+00:00,2811,33,64,,,,
2026-05-22T10:48:50+00:00,2812,33,64,,,,
2026-05-22T10:49:52+00:00,2813,33,64,,,,
2026-05-22T10:50:54+00:00,2814,33,64,,,,
2026-05-22T10:51:56+00:00,2815,33,64,,,,
2026-05-22T10:52:59+00:00,2816,33,64,,,,
2026-05-22T10:54:02+00:00,2817,33,64,,,,
2026-05-22T10:55:04+00:00,2818,33,64,,,,
2026-05-22T10:56:07+00:00,2819,33,64,,,,
2026-05-22T10:57:10+00:00,2820,33,64,,,,
2026-05-22T10:58:13+00:00,2821,33,64,,,,
2026-05-22T10:58:44+00:00,2822,33,65,,,,
2026-05-22T10:59:02+00:00,2823,33,65,,,,
2026-05-22T11:00:12+00:00,2824,33,64,,,,
2026-05-22T11:01:17+00:00,2825,33,65,,,,
2026-05-22T11:02:19+00:00,2826,33,65,,,,
2026-05-22T11:03:21+00:00,2827,33,65,,,,
2026-05-22T11:04:23+00:00,2828,33,65,,,,
2026-05-22T11:05:26+00:00,2829,33,65,,,,
2026-05-22T11:06:28+00:00,2830,33,65,,,,
2026-05-22T11:07:31+00:00,2831,33,65,,,,
2026-05-22T11:08:33+00:00,2832,33,65,,,,
2026-05-22T11:09:35+00:00,2833,33,65,,,,
2026-05-22T11:10:44+00:00,2834,33,64,,,,
2026-05-22T11:11:46+00:00,2835,33,65,,,,
2026-05-22T11:12:49+00:00,2836,33,64,,,,
2026-05-22T11:13:51+00:00,2837,33,64,,,,
2026-05-22T11:14:53+00:00,2838,33,64,,,,
2026-05-22T11:15:56+00:00,2839,33,64,,,,
2026-05-22T11:16:58+00:00,2840,33,64,,,,
2026-05-22T11:18:01+00:00,2841,33,64,,,,
2026-05-22T11:19:03+00:00,2842,33,64,,,,
2026-05-22T11:20:05+00:00,2843,33,64,,,,
2026-05-22T11:21:08+00:00,2844,33,64,,,,
2026-05-22T11:22:10+00:00,2845,33,64,,,,
2026-05-22T11:23:13+00:00,2846,33,64,,,,
2026-05-22T11:24:15+00:00,2847,33,63,,,,
2026-05-22T11:25:24+00:00,2848,33,63,,,,
2026-05-22T11:26:26+00:00,2849,33,64,,,,
2026-05-22T11:27:29+00:00,2850,33,63,,,,
2026-05-22T11:28:31+00:00,2851,33,64,,,,
2026-05-22T11:29:33+00:00,2852,33,64,,,,
2026-05-22T11:30:39+00:00,2853,33,64,,,,
2026-05-22T11:31:42+00:00,2854,33,64,,,,
2026-05-22T11:32:44+00:00,2855,33,64,,,,
2026-05-22T11:34:54+00:00,2856,33,64,,,,
2026-05-22T11:35:56+00:00,2857,33,63,,,,
2026-05-22T11:37:15+00:00,2858,33,63,,,,
2026-05-22T11:38:17+00:00,2859,33,64,,,,
2026-05-22T11:39:19+00:00,2860,33,64,,,,
2026-05-22T11:40:21+00:00,2861,33,64,,,,
2026-05-22T11:41:24+00:00,2862,33,64,,,,
2026-05-22T11:42:26+00:00,2863,33,64,,,,
2026-05-22T11:43:29+00:00,2864,33,64,,,,
2026-05-22T11:44:31+00:00,2865,33,64,,,,
2026-05-22T11:45:33+00:00,2866,33,63,,,,
2026-05-22T11:46:39+00:00,2867,33,64,,,,
2026-05-22T11:47:41+00:00,2868,33,64,,,,
2026-05-22T11:48:44+00:00,2869,33,64,,,,
2026-05-22T11:49:47+00:00,2870,33,64,,,,
2026-05-22T11:50:58+00:00,2871,33,64,,,,
2026-05-22T11:52:01+00:00,2872,33,63,,,,
2026-05-22T11:53:03+00:00,2873,33,64,,,,
2026-05-22T11:54:06+00:00,2874,33,63,,,,
2026-05-22T11:55:21+00:00,2875,33,64,,,,
2026-05-22T11:56:23+00:00,2876,33,64,,,,
2026-05-22T11:57:26+00:00,2877,33,64,,,,
2026-05-22T11:58:28+00:00,2878,33,64,,,,
2026-05-22T11:59:30+00:00,2879,33,64,,,,
2026-05-22T12:00:33+00:00,2880,33,64,,,,
2026-05-22T12:01:41+00:00,2881,33,64,,,,
2026-05-22T12:02:44+00:00,2882,33,64,,,,
2026-05-22T12:03:46+00:00,2883,33,64,,,,
2026-05-22T12:04:49+00:00,2884,33,64,,,,
2026-05-22T12:05:57+00:00,2885,33,64,,,,
2026-05-22T12:07:00+00:00,2886,33,64,,,,
2026-05-22T12:08:03+00:00,2887,33,64,,,,
2026-05-22T12:09:05+00:00,2888,33,64,,,,
2026-05-22T12:10:07+00:00,2889,33,64,,,,
2026-05-22T12:11:13+00:00,2890,33,64,,,,
2026-05-22T12:12:18+00:00,2891,33,64,,,,
2026-05-22T12:13:21+00:00,2892,33,64,,,,
2026-05-22T12:14:23+00:00,2893,33,64,,,,
2026-05-22T12:15:26+00:00,2894,33,64,,,,
2026-05-22T12:17:35+00:00,2895,33,64,,,,
2026-05-22T12:18:37+00:00,2896,33,64,,,,
2026-05-22T12:19:40+00:00,2897,33,64,,,,
2026-05-22T12:20:44+00:00,2898,33,65,,,,
2026-05-22T12:21:46+00:00,2899,33,64,,,,
2026-05-22T12:22:53+00:00,2900,33,65,,,,
2026-05-22T12:23:55+00:00,2901,33,64,,,,
2026-05-22T12:24:59+00:00,2902,33,64,,,,
2026-05-22T12:26:02+00:00,2903,33,64,,,,
2026-05-22T12:27:04+00:00,2904,33,65,,,,
2026-05-22T12:28:06+00:00,2905,33,65,,,,
2026-05-22T12:29:09+00:00,2906,33,64,,,,
2026-05-22T12:30:18+00:00,2907,33,65,,,,
2026-05-22T12:31:25+00:00,2908,33,65,,,,
2026-05-22T12:32:27+00:00,2909,33,64,,,,
2026-05-22T12:33:29+00:00,2910,33,64,,,,
2026-05-22T12:34:33+00:00,2911,33,65,,,,
2026-05-22T12:35:36+00:00,2912,33,64,,,,
2026-05-22T12:36:38+00:00,2913,33,65,,,,
2026-05-22T12:37:40+00:00,2914,33,65,,,,
2026-05-22T12:38:43+00:00,2915,33,65,,,,
2026-05-22T12:39:46+00:00,2916,33,65,,,,
2026-05-22T12:40:48+00:00,2917,33,65,,,,
2026-05-22T12:41:51+00:00,2918,33,65,,,,
2026-05-22T12:42:54+00:00,2919,33,64,,,,
2026-05-22T12:43:56+00:00,2920,33,65,,,,
2026-05-22T12:44:59+00:00,2921,33,65,,,,
2026-05-22T12:46:01+00:00,2922,33,65,,,,
2026-05-22T12:47:07+00:00,2923,33,65,,,,
2026-05-22T12:48:09+00:00,2924,33,65,,,,
2026-05-22T12:49:11+00:00,2925,33,65,,,,
2026-05-22T12:50:24+00:00,2926,33,66,,,,
2026-05-22T12:51:26+00:00,2927,33,65,,,,
2026-05-22T12:52:29+00:00,2928,33,65,,,,
2026-05-22T12:53:38+00:00,2929,33,65,,,,
2026-05-22T12:54:40+00:00,2930,33,65,,,,
2026-05-22T12:55:42+00:00,2931,33,65,,,,
2026-05-22T12:56:45+00:00,2932,33,65,,,,
2026-05-22T12:57:47+00:00,2933,33,65,,,,
2026-05-22T12:58:52+00:00,2934,33,65,,,,
2026-05-22T12:59:54+00:00,2935,33,65,,,,
2026-05-22T13:00:56+00:00,2936,33,65,,,,
2026-05-22T13:01:58+00:00,2937,33,65,,,,
2026-05-22T13:03:01+00:00,2938,33,65,,,,
2026-05-22T13:04:03+00:00,2939,33,65,,,,
2026-05-22T13:05:05+00:00,2940,33,66,,,,
2026-05-22T13:06:07+00:00,2941,33,65,,,,
2026-05-22T13:08:17+00:00,2942,33,66,,,,
2026-05-22T13:09:19+00:00,2943,33,65,,,,
2026-05-22T13:10:21+00:00,2944,33,66,,,,
2026-05-22T13:11:27+00:00,2945,33,66,,,,
2026-05-22T13:12:29+00:00,2946,33,66,,,,
2026-05-22T13:13:31+00:00,2947,33,66,,,,
2026-05-22T13:14:34+00:00,2948,33,66,,,,
2026-05-22T13:15:37+00:00,2949,33,66,,,,
2026-05-22T13:16:40+00:00,2950,33,67,,,,
2026-05-22T13:17:42+00:00,2951,33,67,,,,
2026-05-22T13:18:45+00:00,2952,33,67,,,,
2026-05-22T13:20:55+00:00,2953,33,67,,,,
2026-05-22T13:21:57+00:00,2954,33,67,,,,
2026-05-22T13:22:59+00:00,2955,33,67,,,,
2026-05-22T13:24:02+00:00,2956,33,67,,,,
2026-05-22T13:25:04+00:00,2957,33,67,,,,
2026-05-22T13:26:06+00:00,2958,33,67,,,,
2026-05-22T13:27:09+00:00,2959,32,67,,,,
2026-05-22T13:29:19+00:00,2960,32,68,,,,
2026-05-22T13:30:21+00:00,2961,32,67,,,,
2026-05-22T13:31:23+00:00,2962,32,67,,,,
2026-05-22T13:32:26+00:00,2963,32,67,,,,
2026-05-22T13:34:35+00:00,2964,32,67,,,,
2026-05-22T13:35:38+00:00,2965,32,68,,,,
2026-05-22T13:36:40+00:00,2966,32,68,,,,
2026-05-22T13:37:48+00:00,2967,32,67,,,,
2026-05-22T13:38:50+00:00,2968,32,67,,,,
2026-05-22T13:39:52+00:00,2969,32,67,,,,
2026-05-22T13:40:55+00:00,2970,32,67,,,,
2026-05-22T13:42:01+00:00,2971,32,67,,,,
2026-05-22T13:43:03+00:00,2972,32,67,,,,
2026-05-22T13:44:06+00:00,2973,32,67,,,,
2026-05-22T13:45:08+00:00,2974,32,66,,,,
2026-05-22T13:46:11+00:00,2975,32,67,,,,
2026-05-22T13:47:17+00:00,2976,32,66,,,,
2026-05-22T13:48:19+00:00,2977,32,67,,,,
2026-05-22T13:49:22+00:00,2978,32,67,,,,
2026-05-22T13:50:24+00:00,2979,32,67,,,,
2026-05-22T13:51:27+00:00,2980,33,67,,,,
2026-05-22T13:52:29+00:00,2981,33,67,,,,
2026-05-22T13:53:32+00:00,2982,33,67,,,,
2026-05-22T13:54:34+00:00,2983,33,67,,,,
2026-05-22T13:55:36+00:00,2984,33,67,,,,
2026-05-22T13:56:40+00:00,2985,33,67,,,,
2026-05-22T13:57:43+00:00,2986,33,67,,,,
2026-05-22T13:58:45+00:00,2987,33,67,,,,
2026-05-22T13:59:52+00:00,2988,33,66,,,,
2026-05-22T14:00:55+00:00,2989,33,67,,,,
2026-05-22T14:01:57+00:00,2990,33,67,,,,
2026-05-22T14:03:00+00:00,2991,33,67,,,,
2026-05-22T14:04:05+00:00,2992,33,67,,,,
2026-05-22T14:05:08+00:00,2993,33,67,,,,
2026-05-22T14:06:07+00:00,2994,33,67,,,,
2026-05-22T14:07:10+00:00,2995,33,67,,,,
2026-05-22T14:08:16+00:00,2996,33,67,,,,
2026-05-22T14:09:19+00:00,2997,33,67,,,,
2026-05-22T14:10:21+00:00,2998,33,67,,,,
2026-05-22T14:11:23+00:00,2999,33,67,,,,
2026-05-22T14:12:26+00:00,3000,33,67,,,,
2026-05-22T14:13:32+00:00,3001,33,67,,,,
2026-05-22T14:14:35+00:00,3002,33,67,,,,
2026-05-22T14:15:37+00:00,3003,33,67,,,,
2026-05-22T14:16:40+00:00,3004,33,68,,,,
2026-05-22T14:17:42+00:00,3005,33,68,,,,
2026-05-22T14:18:46+00:00,3006,33,68,,,,
2026-05-22T14:20:04+00:00,3007,33,68,,,,
2026-05-22T14:21:06+00:00,3008,33,68,,,,
2026-05-22T14:22:12+00:00,3009,33,68,,,,
2026-05-22T14:23:14+00:00,3010,33,68,,,,
2026-05-22T14:24:17+00:00,3011,33,68,,,,
2026-05-22T14:25:19+00:00,3012,33,68,,,,
2026-05-22T14:26:22+00:00,3013,33,68,,,,
2026-05-22T14:27:24+00:00,3014,33,68,,,,
2026-05-22T14:28:26+00:00,3015,33,68,,,,
2026-05-22T14:29:31+00:00,3016,33,68,,,,
2026-05-22T14:30:34+00:00,3017,33,68,,,,
2026-05-22T14:31:41+00:00,3018,33,68,,,,
2026-05-22T14:32:43+00:00,3019,32,68,,,,
2026-05-22T14:33:46+00:00,3020,32,68,,,,
2026-05-22T14:34:48+00:00,3021,32,68,,,,
2026-05-22T14:35:51+00:00,3022,32,68,,,,
2026-05-22T14:36:53+00:00,3023,32,68,,,,
2026-05-22T14:37:56+00:00,3024,32,68,,,,
2026-05-22T14:39:00+00:00,3025,32,68,,,,
2026-05-22T14:40:02+00:00,3026,32,68,,,,
2026-05-22T14:41:05+00:00,3027,32,68,,,,
2026-05-22T14:42:09+00:00,3028,32,68,,,,
2026-05-22T14:43:12+00:00,3029,32,68,,,,
2026-05-22T14:44:14+00:00,3030,32,68,,,,
2026-05-23T05:53:50+00:00,3031,30,81,,,,
2026-05-23T05:54:53+00:00,3032,30,81,,,,
2026-05-23T05:55:11+00:00,3033,30,81,,,,
2026-05-23T05:56:13+00:00,3034,30,81,,,,
2026-05-23T05:57:16+00:00,3035,30,82,,,,
2026-05-23T05:58:19+00:00,3036,30,81,,,,
2026-05-23T05:59:21+00:00,3037,30,81,,,,
2026-05-23T06:00:24+00:00,3038,30,81,,,,
2026-05-23T06:01:26+00:00,3039,30,81,,,,
2026-05-23T06:02:29+00:00,3040,31,81,,,,
2026-05-23T06:03:31+00:00,3041,31,81,,,,
2026-05-23T06:04:33+00:00,3042,31,80,,,,
2026-05-23T06:05:36+00:00,3043,31,80,,,,
2026-05-23T06:06:38+00:00,3044,31,80,,,,
2026-05-23T06:07:41+00:00,3045,31,80,,,,
2026-05-23T06:08:45+00:00,3046,31,80,,,,
2026-05-23T06:09:47+00:00,3047,31,80,,,,
2026-05-23T06:10:50+00:00,3048,31,81,,,,
2026-05-23T06:11:52+00:00,3049,31,81,,,,
2026-05-23T06:12:54+00:00,3050,31,81,,,,
2026-05-23T06:13:57+00:00,3051,31,81,,,,
2026-05-23T06:14:59+00:00,3052,31,81,,,,
2026-05-23T06:16:02+00:00,3053,31,81,,,,
2026-05-23T06:17:04+00:00,3054,31,81,,,,
2026-05-23T06:18:07+00:00,3055,31,81,,,,
2026-05-23T06:19:09+00:00,3056,31,81,,,,
2026-05-23T06:20:12+00:00,3057,31,81,,,,
2026-05-23T06:21:14+00:00,3058,31,81,,,,
2026-05-23T06:22:17+00:00,3059,31,81,,,,
2026-05-23T06:23:20+00:00,3060,31,81,,,,
2026-05-23T06:24:22+00:00,3061,31,81,,,,
2026-05-23T06:25:25+00:00,3062,31,81,,,,
2026-05-23T06:26:27+00:00,3063,31,81,,,,
2026-05-23T06:27:29+00:00,3064,31,80,,,,
2026-05-23T06:28:32+00:00,3065,31,80,,,,
2026-05-23T06:29:35+00:00,3066,31,80,,,,
2026-05-23T06:30:37+00:00,3067,31,80,,,,
2026-05-23T06:31:39+00:00,3068,31,80,,,,
2026-05-23T06:32:42+00:00,3069,31,80,,,,
2026-05-23T09:29:22+00:00,3070,32,73,,,,
2026-05-23T09:30:24+00:00,3071,32,73,,,,
2026-05-23T09:31:26+00:00,3072,32,74,,,,
2026-05-23T09:32:28+00:00,3073,32,74,,,,
2026-05-23T09:33:31+00:00,3074,32,74,,,,
2026-05-23T09:34:33+00:00,3075,32,74,,,,
2026-05-23T09:35:35+00:00,3076,32,75,,,,
2026-05-23T09:36:38+00:00,3077,32,75,,,,
2026-05-23T09:37:40+00:00,3078,32,75,,,,
2026-05-23T09:38:43+00:00,3079,32,75,,,,
2026-05-23T09:39:45+00:00,3080,32,75,,,,
2026-05-23T09:40:47+00:00,3081,32,75,,,,
2026-05-23T09:41:50+00:00,3082,32,75,,,,
2026-05-23T09:42:52+00:00,3083,32,75,,,,
2026-05-23T09:43:54+00:00,3084,32,75,,,,
2026-05-23T09:44:57+00:00,3085,32,75,,,,
2026-05-23T09:45:59+00:00,3086,32,75,,,,
2026-05-23T09:47:01+00:00,3087,32,75,,,,
2026-05-23T09:48:04+00:00,3088,32,75,,,,
2026-05-23T09:49:06+00:00,3089,32,75,,,,
2026-05-23T09:50:09+00:00,3090,32,75,,,,
2026-05-23T09:51:11+00:00,3091,32,75,,,,
2026-05-23T09:52:14+00:00,3092,32,75,,,,
2026-05-23T09:53:17+00:00,3093,32,75,,,,
2026-05-23T09:54:19+00:00,3094,32,75,,,,
2026-05-23T09:55:21+00:00,3095,32,75,,,,
2026-05-23T09:56:23+00:00,3096,32,75,,,,
2026-05-23T09:57:26+00:00,3097,32,75,,,,
2026-05-23T09:58:28+00:00,3098,32,76,,,,
2026-05-23T09:59:30+00:00,3099,32,76,,,,
2026-05-23T10:00:33+00:00,3100,32,76,,,,
2026-05-23T10:01:35+00:00,3101,32,76,,,,
2026-05-23T10:02:37+00:00,3102,32,76,,,,
2026-05-23T10:03:40+00:00,3103,32,76,,,,
2026-05-23T10:04:42+00:00,3104,32,76,,,,
2026-05-23T10:05:44+00:00,3105,32,76,,,,
2026-05-23T10:06:47+00:00,3106,32,76,,,,
2026-05-23T10:07:49+00:00,3107,32,76,,,,
2026-05-23T10:08:51+00:00,3108,32,76,,,,
2026-05-23T10:09:53+00:00,3109,32,76,,,,
2026-05-23T10:10:56+00:00,3110,32,76,,,,
2026-05-23T10:11:58+00:00,3111,32,76,,,,
2026-05-23T10:13:01+00:00,3112,32,76,,,,
2026-05-23T10:14:03+00:00,3113,32,77,,,,
2026-05-23T10:15:05+00:00,3114,32,77,,,,
2026-05-23T10:16:08+00:00,3115,32,77,,,,
2026-05-23T10:17:11+00:00,3116,32,77,,,,
2026-05-23T10:18:13+00:00,3117,32,77,,,,
2026-05-23T10:19:15+00:00,3118,32,77,,,,
2026-05-23T10:20:18+00:00,3119,32,77,,,,
2026-05-23T10:21:20+00:00,3120,32,77,,,,
2026-05-23T10:22:23+00:00,3121,32,77,,,,
2026-05-23T10:23:25+00:00,3122,32,77,,,,
2026-05-23T10:24:28+00:00,3123,32,77,,,,
2026-05-23T10:25:30+00:00,3124,32,77,,,,
2026-05-23T10:26:32+00:00,3125,32,77,,,,
2026-05-23T10:27:34+00:00,3126,32,77,,,,
2026-05-23T10:28:37+00:00,3127,32,77,,,,
2026-05-23T10:29:39+00:00,3128,32,77,,,,
2026-05-23T10:30:42+00:00,3129,32,77,,,,
2026-05-23T10:31:44+00:00,3130,32,77,,,,
2026-05-23T10:32:46+00:00,3131,32,77,,,,
2026-05-23T10:33:49+00:00,3132,32,77,,,,
2026-05-23T10:34:51+00:00,3133,32,77,,,,
2026-05-23T10:35:54+00:00,3134,32,77,,,,
2026-05-23T10:36:56+00:00,3135,32,77,,,,
2026-05-23T10:37:58+00:00,3136,32,77,,,,
2026-05-23T10:39:14+00:00,3137,32,77,,,,
2026-05-23T10:40:16+00:00,3138,32,78,,,,
2026-05-23T10:41:24+00:00,3139,32,78,,,,
2026-05-23T10:42:36+00:00,3140,32,78,,,,
2026-05-23T10:43:39+00:00,3141,32,78,,,,
2026-05-23T10:44:41+00:00,3142,32,78,,,,
2026-05-23T10:45:43+00:00,3143,32,78,,,,
2026-05-23T10:46:46+00:00,3144,32,78,,,,
2026-05-23T10:47:48+00:00,3145,32,78,,,,
2026-05-23T10:48:51+00:00,3146,32,78,,,,
2026-05-23T10:49:53+00:00,3147,32,78,,,,
2026-05-23T10:50:55+00:00,3148,32,78,,,,
2026-05-23T10:51:58+00:00,3149,32,78,,,,
2026-05-23T10:54:07+00:00,3150,32,78,,,,
2026-05-23T10:55:10+00:00,3151,32,78,,,,
2026-05-23T10:56:12+00:00,3152,32,78,,,,
2026-05-23T10:57:14+00:00,3153,32,78,,,,
2026-05-23T10:58:18+00:00,3154,32,79,,,,
2026-05-23T10:59:20+00:00,3155,32,79,,,,
2026-05-23T11:00:22+00:00,3156,32,79,,,,
2026-05-23T12:11:14+00:00,3157,31,80,,,,
2026-05-23T12:12:16+00:00,3158,31,79,,,,
2026-05-23T12:13:19+00:00,3159,31,81,,,,
2026-05-23T12:14:21+00:00,3160,31,81,,,,
2026-05-23T12:15:24+00:00,3161,31,81,,,,
2026-05-23T12:16:26+00:00,3162,31,81,,,,
2026-05-23T12:17:29+00:00,3163,31,81,,,,
2026-05-23T12:18:36+00:00,3164,31,81,,,,
2026-05-23T12:19:39+00:00,3165,31,81,,,,
2026-05-23T12:20:41+00:00,3166,31,81,,,,
2026-05-23T12:21:44+00:00,3167,31,81,,,,
2026-05-23T12:22:46+00:00,3168,31,81,,,,
2026-05-23T12:23:48+00:00,3169,31,81,,,,
2026-05-23T12:24:51+00:00,3170,31,81,,,,
2026-05-23T12:25:54+00:00,3171,31,81,,,,
2026-05-23T12:26:57+00:00,3172,31,81,,,,
2026-05-23T12:27:59+00:00,3173,31,80,,,,
2026-05-23T12:29:02+00:00,3174,31,80,,,,
2026-05-23T13:00:23+00:00,3175,31,76,,,,
2026-05-23T13:01:25+00:00,3176,31,75,,,,
2026-05-23T13:02:27+00:00,3177,31,76,,,,
2026-05-23T13:03:30+00:00,3178,31,76,,,,
2026-05-23T13:04:32+00:00,3179,31,77,,,,
2026-05-23T13:05:34+00:00,3180,31,77,,,,
2026-05-23T13:06:37+00:00,3181,31,77,,,,
2026-05-23T13:07:39+00:00,3182,31,77,,,,
2026-05-23T13:08:42+00:00,3183,31,77,,,,
2026-05-23T13:09:44+00:00,3184,31,77,,,,
2026-05-23T13:10:47+00:00,3185,31,77,,,,
2026-05-23T13:11:49+00:00,3186,31,77,,,,
2026-05-23T13:12:51+00:00,3187,31,76,,,,
2026-05-23T13:13:54+00:00,3188,31,76,,,,
2026-05-23T13:14:56+00:00,3189,31,77,,,,
2026-05-23T13:15:58+00:00,3190,31,76,,,,
2026-05-23T13:17:00+00:00,3191,31,77,,,,
2026-05-23T13:18:03+00:00,3192,31,77,,,,
2026-05-23T13:19:05+00:00,3193,31,76,,,,
2026-05-23T13:20:07+00:00,3194,31,77,,,,
2026-05-23T13:21:10+00:00,3195,31,77,,,,
2026-05-23T13:22:12+00:00,3196,31,77,,,,
2026-05-23T13:23:14+00:00,3197,31,77,,,,
2026-05-23T13:24:17+00:00,3198,31,77,,,,
2026-05-23T13:25:19+00:00,3199,31,77,,,,
2026-05-23T13:26:21+00:00,3200,31,77,,,,
2026-05-23T13:27:24+00:00,3201,31,77,,,,
2026-05-23T13:28:26+00:00,3202,31,76,,,,
2026-05-23T13:29:29+00:00,3203,31,76,,,,
2026-05-23T13:30:31+00:00,3204,31,76,,,,
2026-05-23T13:31:34+00:00,3205,31,76,,,,
2026-05-23T13:32:36+00:00,3206,31,77,,,,
2026-05-23T13:33:38+00:00,3207,31,77,,,,
2026-05-23T13:34:41+00:00,3208,31,77,,,,
2026-05-23T13:35:43+00:00,3209,31,77,,,,
2026-05-23T13:36:45+00:00,3210,31,77,,,,
2026-05-23T13:37:48+00:00,3211,31,77,,,,
2026-05-23T13:38:50+00:00,3212,31,77,,,,
2026-05-23T13:39:52+00:00,3213,31,77,,,,
2026-05-23T13:40:55+00:00,3214,31,78,,,,
2026-05-23T13:41:57+00:00,3215,31,78,,,,
2026-05-23T13:43:00+00:00,3216,31,78,,,,
2026-05-23T13:44:02+00:00,3217,31,78,,,,
2026-05-23T13:45:06+00:00,3218,31,78,,,,
2026-05-23T13:46:08+00:00,3219,31,78,,,,
2026-05-23T13:47:11+00:00,3220,31,78,,,,
2026-05-23T13:48:13+00:00,3221,31,78,,,,
2026-05-23T13:49:16+00:00,3222,31,78,,,,
2026-05-23T13:50:19+00:00,3223,31,78,,,,
2026-05-23T13:51:21+00:00,3224,31,78,,,,
2026-05-23T13:52:24+00:00,3225,31,78,,,,
2026-05-23T13:53:26+00:00,3226,31,78,,,,
2026-05-23T13:54:29+00:00,3227,31,78,,,,
2026-05-23T13:55:31+00:00,3228,31,78,,,,
2026-05-23T13:56:34+00:00,3229,31,78,,,,
2026-05-23T13:58:43+00:00,3230,31,78,,,,
2026-05-23T13:59:45+00:00,3231,31,78,,,,
2026-05-23T14:00:47+00:00,3232,31,78,,,,
2026-05-23T14:01:50+00:00,3233,31,78,,,,
2026-05-23T14:02:52+00:00,3234,31,78,,,,
2026-05-23T14:03:54+00:00,3235,31,78,,,,
2026-05-23T14:04:57+00:00,3236,31,78,,,,
2026-05-23T14:06:00+00:00,3237,31,78,,,,
2026-05-23T14:07:03+00:00,3238,31,78,,,,
2026-05-23T14:08:05+00:00,3239,31,78,,,,
2026-05-23T14:09:07+00:00,3240,31,78,,,,
2026-05-23T14:10:10+00:00,3241,31,78,,,,
2026-05-23T14:11:12+00:00,3242,31,78,,,,
2026-05-23T14:12:15+00:00,3243,31,78,,,,
2026-05-23T14:13:17+00:00,3244,31,78,,,,
2026-05-23T14:14:24+00:00,3245,31,78,,,,
2026-05-23T14:15:26+00:00,3246,31,78,,,,
2026-05-23T14:16:30+00:00,3247,31,78,,,,
2026-05-23T14:17:32+00:00,3248,31,78,,,,
2026-05-23T14:18:35+00:00,3249,31,78,,,,
2026-05-23T14:19:38+00:00,3250,31,78,,,,
2026-05-23T14:20:40+00:00,3251,31,78,,,,
2026-05-23T14:21:42+00:00,3252,31,78,,,,
2026-05-23T14:22:45+00:00,3253,31,78,,,,
2026-05-23T14:23:47+00:00,3254,31,78,,,,
2026-05-23T14:24:49+00:00,3255,31,78,,,,
2026-05-23T14:25:52+00:00,3256,31,78,,,,
2026-05-23T14:26:54+00:00,3257,31,78,,,,
2026-05-23T14:27:57+00:00,3258,31,78,,,,
2026-05-23T14:29:00+00:00,3259,31,78,,,,
2026-05-23T14:30:03+00:00,3260,31,78,,,,
2026-05-23T14:31:05+00:00,3261,31,78,,,,
2026-05-23T14:32:08+00:00,3262,31,78,,,,
2026-05-23T14:33:10+00:00,3263,31,78,,,,
2026-05-23T14:34:12+00:00,3264,31,78,,,,
2026-05-23T14:35:14+00:00,3265,31,78,,,,
2026-05-23T14:36:17+00:00,3266,31,78,,,,
2026-05-23T14:37:19+00:00,3267,31,78,,,,
2026-05-23T14:38:22+00:00,3268,31,78,,,,
2026-05-23T14:39:24+00:00,3269,31,78,,,,
2026-05-23T14:40:27+00:00,3270,31,78,,,,
2026-05-23T14:41:31+00:00,3271,31,78,,,,
2026-05-23T14:42:34+00:00,3272,31,78,,,,
2026-05-23T14:43:36+00:00,3273,31,78,,,,
2026-05-23T14:44:40+00:00,3274,31,78,,,,
2026-05-23T14:45:43+00:00,3275,31,78,,,,
2026-05-23T14:46:45+00:00,3276,31,78,,,,
2026-05-23T14:47:48+00:00,3277,31,78,,,,
2026-05-23T14:48:50+00:00,3278,31,78,,,,
2026-05-23T14:49:53+00:00,3279,31,78,,,,
2026-05-23T14:50:55+00:00,3280,31,78,,,,
2026-05-23T14:51:57+00:00,3281,31,77,,,,
2026-05-23T14:53:00+00:00,3282,31,77,,,,
2026-05-23T14:54:03+00:00,3283,31,77,,,,
2026-05-23T14:55:05+00:00,3284,31,77,,,,
2026-05-23T14:56:07+00:00,3285,31,77,,,,
2026-05-23T14:57:10+00:00,3286,31,77,,,,
2026-05-23T14:58:12+00:00,3287,31,77,,,,
2026-05-23T14:59:15+00:00,3288,31,77,,,,
2026-05-23T15:00:17+00:00,3289,31,77,,,,
2026-05-23T15:01:19+00:00,3290,31,77,,,,
2026-05-23T15:02:22+00:00,3291,31,77,,,,
2026-05-23T15:03:25+00:00,3292,31,77,,,,
2026-05-23T15:04:01+00:00,3293,31,77,,,,
2026-05-23T15:06:11+00:00,3294,31,77,,,,
2026-05-23T15:07:14+00:00,3295,31,77,,,,
2026-05-23T15:08:16+00:00,3296,31,77,,,,
2026-05-23T15:09:19+00:00,3297,31,77,,,,
2026-05-23T15:10:24+00:00,3298,31,77,,,,
2026-05-23T15:11:27+00:00,3299,31,76,,,,
2026-05-23T15:12:32+00:00,3300,31,76,,,,
2026-05-23T15:13:34+00:00,3301,31,76,,,,
2026-05-23T15:14:59+00:00,3302,31,76,,,,
2026-05-23T15:16:07+00:00,3303,31,76,,,,
2026-05-23T15:17:09+00:00,3304,31,76,,,,
2026-05-23T15:18:14+00:00,3305,31,76,,,,
2026-05-23T15:19:16+00:00,3306,31,76,,,,
2026-05-23T15:20:18+00:00,3307,31,77,,,,
2026-05-23T15:21:21+00:00,3308,31,77,,,,
2026-05-23T15:22:24+00:00,3309,31,77,,,,
2026-05-23T15:23:31+00:00,3310,31,77,,,,
2026-05-23T15:24:34+00:00,3311,31,77,,,,
2026-05-23T15:25:37+00:00,3312,31,77,,,,
2026-05-23T15:26:41+00:00,3313,31,77,,,,
2026-05-23T15:27:44+00:00,3314,31,77,,,,
2026-05-23T15:28:46+00:00,3315,31,77,,,,
2026-05-23T15:29:49+00:00,3316,31,77,,,,
2026-05-23T15:30:51+00:00,3317,31,77,,,,
2026-05-23T15:32:01+00:00,3318,31,77,,,,
2026-05-23T15:33:03+00:00,3319,31,77,,,,
2026-05-23T15:34:05+00:00,3320,31,77,,,,
2026-05-23T15:35:12+00:00,3321,31,77,,,,
2026-05-23T15:36:15+00:00,3322,31,77,,,,
2026-05-23T15:37:17+00:00,3323,31,77,,,,
2026-05-23T15:38:19+00:00,3324,31,77,,,,
2026-05-23T15:39:31+00:00,3325,31,77,,,,
2026-05-23T15:40:34+00:00,3326,31,77,,,,
2026-05-23T15:41:37+00:00,3327,31,77,,,,
2026-05-23T15:42:39+00:00,3328,31,77,,,,
2026-05-23T15:43:53+00:00,3329,31,77,,,,
2026-05-23T15:44:56+00:00,3330,31,77,,,,
2026-05-23T15:45:59+00:00,3331,31,77,,,,
2026-05-23T15:47:01+00:00,3332,31,77,,,,
2026-05-23T15:48:04+00:00,3333,31,77,,,,
2026-05-23T15:49:06+00:00,3334,31,77,,,,
2026-05-23T15:50:09+00:00,3335,31,76,,,,
2026-05-23T15:51:16+00:00,3336,31,76,,,,
2026-05-23T15:52:18+00:00,3337,31,77,,,,
2026-05-23T15:53:20+00:00,3338,31,77,,,,
2026-05-23T15:54:23+00:00,3339,31,77,,,,
2026-05-23T15:55:25+00:00,3340,31,77,,,,
2026-05-23T15:57:37+00:00,3341,31,77,,,,
2026-05-23T15:58:41+00:00,3342,31,77,,,,
2026-05-23T15:59:43+00:00,3343,31,77,,,,
2026-05-23T16:00:45+00:00,3344,31,77,,,,
2026-05-23T16:01:48+00:00,3345,31,77,,,,
2026-05-23T16:02:50+00:00,3346,31,77,,,,
2026-05-23T16:03:53+00:00,3347,31,77,,,,
2026-05-23T16:05:05+00:00,3348,31,77,,,,
2026-05-23T16:06:07+00:00,3349,31,77,,,,
2026-05-23T16:07:11+00:00,3350,31,77,,,,
2026-05-23T16:08:14+00:00,3351,31,77,,,,
2026-05-23T16:10:24+00:00,3352,31,77,,,,
2026-05-23T16:11:26+00:00,3353,31,77,,,,
2026-05-23T16:12:29+00:00,3354,31,77,,,,
2026-05-23T16:13:32+00:00,3355,31,77,,,,
2026-05-23T16:15:42+00:00,3356,31,77,,,,
2026-05-23T16:16:44+00:00,3357,31,77,,,,
2026-05-23T16:17:47+00:00,3358,31,77,,,,
2026-05-23T16:18:52+00:00,3359,31,77,,,,
2026-05-23T16:19:54+00:00,3360,31,77,,,,
2026-05-23T16:20:56+00:00,3361,31,77,,,,
2026-05-23T16:21:59+00:00,3362,31,77,,,,
2026-05-23T16:23:01+00:00,3363,31,77,,,,
2026-05-23T16:24:03+00:00,3364,31,77,,,,
2026-05-23T16:25:05+00:00,3365,31,77,,,,
2026-05-23T16:26:09+00:00,3366,31,77,,,,
2026-05-23T16:27:12+00:00,3367,31,77,,,,
2026-05-23T16:28:14+00:00,3368,31,77,,,,
2026-05-23T16:29:16+00:00,3369,31,77,,,,
2026-05-23T16:30:19+00:00,3370,31,77,,,,
2026-05-23T16:31:21+00:00,3371,31,77,,,,
2026-05-23T16:32:38+00:00,3372,31,77,,,,
2026-05-23T16:33:41+00:00,3373,31,77,,,,
2026-05-23T16:34:44+00:00,3374,31,77,,,,
2026-05-23T16:35:46+00:00,3375,31,77,,,,
2026-05-23T16:36:49+00:00,3376,31,77,,,,
2026-05-23T16:37:55+00:00,3377,31,77,,,,
2026-05-23T16:38:58+00:00,3378,31,77,,,,
2026-05-23T16:40:00+00:00,3379,31,77,,,,
2026-05-23T16:41:03+00:00,3380,31,77,,,,
2026-05-23T16:42:05+00:00,3381,31,77,,,,
2026-05-23T16:43:08+00:00,3382,31,77,,,,
2026-05-23T16:44:12+00:00,3383,31,77,,,,
2026-05-23T16:45:15+00:00,3384,31,77,,,,
2026-05-23T16:46:26+00:00,3385,31,77,,,,
2026-05-23T16:47:28+00:00,3386,31,77,,,,
2026-05-23T16:48:30+00:00,3387,31,77,,,,
2026-05-23T16:49:33+00:00,3388,31,77,,,,
2026-05-23T16:50:35+00:00,3389,31,77,,,,
2026-05-23T16:52:45+00:00,3390,31,77,,,,
2026-05-23T16:53:47+00:00,3391,31,77,,,,
2026-05-23T16:55:57+00:00,3392,31,77,,,,
2026-05-23T16:56:59+00:00,3393,31,77,,,,
2026-05-23T16:58:01+00:00,3394,31,77,,,,
2026-05-23T16:59:16+00:00,3395,31,77,,,,
2026-05-23T17:00:18+00:00,3396,31,76,,,,
2026-05-23T17:01:21+00:00,3397,31,76,,,,
2026-05-23T17:02:23+00:00,3398,31,76,,,,
2026-05-23T17:03:25+00:00,3399,31,77,,,,
2026-05-23T17:04:31+00:00,3400,31,77,,,,
2026-05-23T17:05:33+00:00,3401,31,77,,,,
2026-05-23T17:06:36+00:00,3402,31,77,,,,
2026-05-23T17:07:43+00:00,3403,31,77,,,,
2026-05-23T17:08:45+00:00,3404,31,77,,,,
2026-05-23T17:09:47+00:00,3405,31,77,,,,
2026-05-23T17:10:54+00:00,3406,31,77,,,,
2026-05-23T17:11:56+00:00,3407,31,77,,,,
2026-05-23T17:12:58+00:00,3408,31,77,,,,
2026-05-23T17:14:01+00:00,3409,31,77,,,,
2026-05-23T17:15:03+00:00,3410,31,77,,,,
2026-05-23T17:16:06+00:00,3411,31,77,,,,
2026-05-23T17:17:08+00:00,3412,31,77,,,,
2026-05-23T17:19:17+00:00,3413,31,77,,,,
2026-05-23T17:20:20+00:00,3414,31,77,,,,
2026-05-23T17:21:22+00:00,3415,31,77,,,,
2026-05-23T17:22:38+00:00,3416,31,77,,,,
2026-05-23T17:23:40+00:00,3417,31,77,,,,
2026-05-23T17:24:43+00:00,3418,31,77,,,,
2026-05-23T17:25:46+00:00,3419,31,77,,,,
2026-05-23T17:26:49+00:00,3420,31,77,,,,
2026-05-23T17:27:51+00:00,3421,31,77,,,,
2026-05-23T17:28:53+00:00,3422,31,77,,,,
2026-05-23T17:29:56+00:00,3423,31,77,,,,
2026-05-23T17:31:10+00:00,3424,31,77,,,,
2026-05-23T17:32:13+00:00,3425,31,77,,,,
2026-05-23T17:33:15+00:00,3426,31,77,,,,
2026-05-23T17:34:17+00:00,3427,30,77,,,,
2026-05-23T17:35:19+00:00,3428,30,77,,,,
2026-05-23T17:36:22+00:00,3429,30,77,,,,
2026-05-23T17:37:24+00:00,3430,30,77,,,,
2026-05-23T17:38:39+00:00,3431,30,77,,,,
2026-05-23T17:39:43+00:00,3432,31,77,,,,
2026-05-23T17:40:45+00:00,3433,31,77,,,,
2026-05-23T17:41:47+00:00,3434,30,77,,,,
2026-05-23T17:42:50+00:00,3435,30,77,,,,
2026-05-23T17:43:53+00:00,3436,30,77,,,,
2026-05-23T17:45:11+00:00,3437,30,77,,,,
2026-05-23T17:46:13+00:00,3438,30,77,,,,
2026-05-23T17:47:19+00:00,3439,30,77,,,,
2026-05-23T17:48:21+00:00,3440,30,77,,,,
2026-05-23T17:49:24+00:00,3441,30,77,,,,
2026-05-23T17:50:26+00:00,3442,30,77,,,,
2026-05-23T17:51:28+00:00,3443,30,77,,,,
2026-05-23T17:52:31+00:00,3444,30,77,,,,
2026-05-23T17:53:33+00:00,3445,30,77,,,,
2026-05-23T17:54:35+00:00,3446,30,77,,,,
2026-05-23T17:55:38+00:00,3447,30,77,,,,
2026-05-23T17:56:40+00:00,3448,30,77,,,,
2026-05-23T17:57:43+00:00,3449,30,77,,,,
2026-05-23T17:58:46+00:00,3450,30,77,,,,
2026-05-23T17:59:48+00:00,3451,30,77,,,,
2026-05-23T18:00:52+00:00,3452,30,77,,,,
2026-05-23T18:01:55+00:00,3453,30,77,,,,
2026-05-23T18:02:57+00:00,3454,30,77,,,,
2026-05-23T18:04:00+00:00,3455,30,77,,,,
2026-05-23T18:05:08+00:00,3456,30,77,,,,
2026-05-23T18:06:10+00:00,3457,30,77,,,,
2026-05-23T18:07:13+00:00,3458,30,77,,,,
2026-05-23T18:08:16+00:00,3459,30,77,,,,
2026-05-23T18:10:25+00:00,3460,30,77,,,,
2026-05-23T18:11:27+00:00,3461,30,77,,,,
2026-05-23T18:12:38+00:00,3462,30,77,,,,
2026-05-23T18:13:41+00:00,3463,30,77,,,,
2026-05-23T18:14:43+00:00,3464,30,77,,,,
2026-05-23T18:15:46+00:00,3465,30,77,,,,
2026-05-23T18:16:50+00:00,3466,30,77,,,,
2026-05-23T18:17:53+00:00,3467,30,78,,,,
2026-05-23T18:18:56+00:00,3468,30,78,,,,
2026-05-23T18:19:58+00:00,3469,30,78,,,,
2026-05-23T18:21:00+00:00,3470,30,78,,,,
2026-05-23T18:22:03+00:00,3471,30,78,,,,
2026-05-23T18:23:05+00:00,3472,30,78,,,,
2026-05-23T18:24:07+00:00,3473,30,78,,,,
2026-05-23T18:25:09+00:00,3474,30,78,,,,
2026-05-23T18:26:13+00:00,3475,30,78,,,,
2026-05-23T18:27:15+00:00,3476,30,78,,,,
2026-05-23T18:28:22+00:00,3477,30,78,,,,
2026-05-23T18:29:24+00:00,3478,30,78,,,,
2026-05-23T18:30:26+00:00,3479,30,78,,,,
2026-05-23T18:31:32+00:00,3480,30,78,,,,
2026-05-23T18:32:34+00:00,3481,30,78,,,,
2026-05-23T18:33:37+00:00,3482,30,78,,,,
2026-05-23T18:34:39+00:00,3483,30,78,,,,
2026-05-23T18:36:49+00:00,3484,30,78,,,,
2026-05-23T18:37:51+00:00,3485,30,78,,,,
2026-05-23T18:38:54+00:00,3486,30,78,,,,
2026-05-23T18:40:04+00:00,3487,30,78,,,,
2026-05-23T18:41:08+00:00,3488,30,78,,,,
2026-05-23T18:42:10+00:00,3489,30,78,,,,
2026-05-23T18:43:12+00:00,3490,30,78,,,,
2026-05-23T18:44:17+00:00,3491,30,78,,,,
2026-05-23T18:45:19+00:00,3492,30,78,,,,
2026-05-23T18:46:21+00:00,3493,30,78,,,,
2026-05-23T18:47:23+00:00,3494,30,78,,,,
2026-05-23T18:48:26+00:00,3495,30,78,,,,
2026-05-23T18:49:29+00:00,3496,30,78,,,,
2026-05-23T18:50:31+00:00,3497,30,78,,,,
2026-05-23T18:51:33+00:00,3498,30,78,,,,
2026-05-23T18:52:45+00:00,3499,30,78,,,,
2026-05-23T18:53:48+00:00,3500,30,78,,,,
2026-05-23T18:54:51+00:00,3501,30,78,,,,
2026-05-23T18:55:53+00:00,3502,30,78,,,,
2026-05-23T18:57:11+00:00,3503,30,78,,,,
2026-05-23T18:58:13+00:00,3504,30,78,,,,
2026-05-23T18:59:15+00:00,3505,30,78,,,,
2026-05-23T19:00:18+00:00,3506,30,78,,,,
2026-05-23T19:01:21+00:00,3507,30,78,,,,
2026-05-23T19:02:46+00:00,3508,30,78,,,,
2026-05-23T19:03:48+00:00,3509,30,78,,,,
2026-05-23T19:04:51+00:00,3510,30,78,,,,
2026-05-23T19:05:53+00:00,3511,30,78,,,,
2026-05-23T19:06:56+00:00,3512,30,78,,,,
2026-05-24T00:54:38+00:00,3513,29,82,,,,
2026-05-24T00:55:40+00:00,3514,29,82,,,,
2026-05-24T00:56:43+00:00,3515,29,83,,,,
2026-05-24T00:57:45+00:00,3516,29,83,,,,
2026-05-24T00:58:49+00:00,3517,29,84,,,,
2026-05-24T00:59:51+00:00,3518,29,84,,,,
2026-05-24T01:00:54+00:00,3519,29,84,,,,
2026-05-24T01:01:57+00:00,3520,29,84,,,,
2026-05-24T01:03:00+00:00,3521,29,84,,,,
2026-05-24T01:04:03+00:00,3522,29,84,,,,
2026-05-24T01:05:06+00:00,3523,29,85,,,,
2026-05-24T01:06:09+00:00,3524,29,85,,,,
2026-05-24T01:07:11+00:00,3525,29,85,,,,
2026-05-24T01:08:14+00:00,3526,29,85,,,,
2026-05-24T01:09:17+00:00,3527,29,85,,,,
2026-05-24T01:10:20+00:00,3528,29,85,,,,
2026-05-24T01:11:23+00:00,3529,29,85,,,,
2026-05-24T01:12:25+00:00,3530,29,85,,,,
2026-05-24T01:13:28+00:00,3531,29,85,,,,
2026-05-24T01:14:31+00:00,3532,29,85,,,,
2026-05-24T01:15:33+00:00,3533,29,84,,,,
2026-05-24T01:16:36+00:00,3534,29,84,,,,
2026-05-24T01:17:38+00:00,3535,29,85,,,,
2026-05-24T01:18:41+00:00,3536,29,84,,,,
2026-05-24T01:19:43+00:00,3537,29,84,,,,
2026-05-24T01:20:45+00:00,3538,29,85,,,,
2026-05-24T01:21:48+00:00,3539,29,84,,,,
2026-05-24T01:22:50+00:00,3540,29,84,,,,
2026-05-24T01:23:53+00:00,3541,29,84,,,,
2026-05-24T01:24:55+00:00,3542,29,84,,,,
2026-05-24T01:25:58+00:00,3543,29,84,,,,
2026-05-24T01:27:01+00:00,3544,29,84,,,,
2026-05-24T01:28:03+00:00,3545,29,84,,,,
2026-05-24T01:29:06+00:00,3546,29,85,,,,
2026-05-24T01:30:09+00:00,3547,29,85,,,,
2026-05-24T01:31:11+00:00,3548,29,85,,,,
2026-05-24T01:32:17+00:00,3549,29,85,,,,
2026-05-24T01:33:19+00:00,3550,29,85,,,,
2026-05-24T01:34:22+00:00,3551,29,85,,,,
2026-05-24T01:35:25+00:00,3552,29,85,,,,
2026-05-24T01:36:27+00:00,3553,29,85,,,,
2026-05-24T01:37:30+00:00,3554,29,85,,,,
2026-05-24T01:38:33+00:00,3555,29,85,,,,
2026-05-24T01:39:35+00:00,3556,29,85,,,,
2026-05-24T01:40:38+00:00,3557,29,85,,,,
2026-05-24T01:41:40+00:00,3558,29,85,,,,
2026-05-24T01:42:43+00:00,3559,29,85,,,,
2026-05-24T01:43:45+00:00,3560,29,85,,,,
2026-05-24T01:44:47+00:00,3561,29,85,,,,
2026-05-24T01:45:49+00:00,3562,29,85,,,,
2026-05-24T01:46:51+00:00,3563,29,85,,,,
2026-05-24T01:47:54+00:00,3564,29,85,,,,
2026-05-24T01:48:56+00:00,3565,29,85,,,,
2026-05-24T01:49:58+00:00,3566,29,85,,,,
2026-05-24T01:51:01+00:00,3567,29,85,,,,
2026-05-24T01:52:03+00:00,3568,29,85,,,,
2026-05-24T01:53:05+00:00,3569,29,85,,,,
2026-05-24T01:54:08+00:00,3570,29,85,,,,
2026-05-24T01:55:10+00:00,3571,29,85,,,,
2026-05-24T01:56:13+00:00,3572,29,85,,,,
2026-05-24T01:57:15+00:00,3573,29,85,,,,
2026-05-24T01:58:18+00:00,3574,29,85,,,,
2026-05-24T01:59:20+00:00,3575,29,85,,,,
2026-05-24T02:00:23+00:00,3576,29,85,,,,
2026-05-24T02:01:25+00:00,3577,29,85,,,,
2026-05-24T02:02:28+00:00,3578,29,86,,,,
2026-05-24T02:03:30+00:00,3579,29,86,,,,
2026-05-24T02:04:33+00:00,3580,29,86,,,,
2026-05-24T02:05:35+00:00,3581,29,85,,,,
2026-05-24T02:06:38+00:00,3582,29,86,,,,
2026-05-24T02:07:40+00:00,3583,29,86,,,,
2026-05-24T02:08:42+00:00,3584,29,85,,,,
2026-05-24T02:09:45+00:00,3585,29,85,,,,
2026-05-24T02:10:47+00:00,3586,29,85,,,,
2026-05-24T02:11:50+00:00,3587,29,85,,,,
2026-05-24T02:12:52+00:00,3588,29,85,,,,
2026-05-24T02:13:55+00:00,3589,29,85,,,,
2026-05-24T02:14:57+00:00,3590,29,86,,,,
2026-05-24T02:15:59+00:00,3591,29,85,,,,
2026-05-24T02:17:02+00:00,3592,29,85,,,,
2026-05-24T02:18:04+00:00,3593,29,85,,,,
2026-05-24T02:19:07+00:00,3594,29,85,,,,
2026-05-24T02:20:09+00:00,3595,29,85,,,,
2026-05-24T02:21:11+00:00,3596,29,85,,,,
2026-05-24T02:22:14+00:00,3597,29,85,,,,
2026-05-24T02:23:16+00:00,3598,29,85,,,,
2026-05-24T02:24:18+00:00,3599,29,85,,,,
2026-05-24T02:25:21+00:00,3600,29,85,,,,
2026-05-24T02:26:25+00:00,3601,29,85,,,,
2026-05-24T02:27:27+00:00,3602,29,85,,,,
2026-05-24T02:28:30+00:00,3603,29,85,,,,
2026-05-24T02:29:32+00:00,3604,29,85,,,,
2026-05-24T02:30:34+00:00,3605,29,85,,,,
2026-05-24T02:31:37+00:00,3606,29,85,,,,
2026-05-24T02:32:39+00:00,3607,29,85,,,,
2026-05-24T02:33:42+00:00,3608,29,85,,,,
2026-05-24T02:34:44+00:00,3609,29,86,,,,
2026-05-24T02:35:47+00:00,3610,29,86,,,,
2026-05-24T02:36:49+00:00,3611,29,86,,,,
2026-05-24T02:37:52+00:00,3612,29,86,,,,
2026-05-24T02:38:54+00:00,3613,29,86,,,,
2026-05-24T02:39:56+00:00,3614,29,86,,,,
2026-05-24T02:40:59+00:00,3615,29,86,,,,
2026-05-24T02:42:01+00:00,3616,29,86,,,,
2026-05-24T02:43:03+00:00,3617,29,86,,,,
2026-05-24T02:44:06+00:00,3618,29,86,,,,
2026-05-24T02:45:08+00:00,3619,29,86,,,,
2026-05-24T02:46:11+00:00,3620,29,86,,,,
2026-05-24T02:47:13+00:00,3621,29,86,,,,
2026-05-24T02:48:16+00:00,3622,29,86,,,,
2026-05-24T02:49:19+00:00,3623,29,87,,,,
2026-05-24T02:50:21+00:00,3624,29,87,,,,
2026-05-24T02:51:24+00:00,3625,29,87,,,,
2026-05-24T02:52:26+00:00,3626,29,87,,,,
2026-05-24T02:53:28+00:00,3627,29,87,,,,
2026-05-24T02:54:35+00:00,3628,29,87,,,,
2026-05-24T02:55:41+00:00,3629,29,88,,,,
2026-05-24T02:56:44+00:00,3630,29,88,,,,
2026-05-24T02:57:46+00:00,3631,29,88,,,,
2026-05-24T02:58:48+00:00,3632,29,88,,,,
2026-05-24T02:59:55+00:00,3633,29,88,,,,
2026-05-24T03:00:58+00:00,3634,29,88,,,,
2026-05-24T03:02:01+00:00,3635,29,88,,,,
2026-05-24T03:03:03+00:00,3636,29,88,,,,
2026-05-24T03:04:06+00:00,3637,29,88,,,,
2026-05-24T03:05:09+00:00,3638,29,88,,,,
2026-05-24T03:06:11+00:00,3639,29,88,,,,
2026-05-24T03:07:14+00:00,3640,29,88,,,,
2026-05-24T03:08:16+00:00,3641,29,88,,,,
2026-05-24T03:09:22+00:00,3642,29,88,,,,
2026-05-24T03:10:24+00:00,3643,29,89,,,,
2026-05-24T03:11:27+00:00,3644,29,88,,,,
2026-05-24T03:12:32+00:00,3645,29,88,,,,
2026-05-24T03:13:34+00:00,3646,29,88,,,,
2026-05-24T03:14:37+00:00,3647,29,88,,,,
2026-05-24T03:15:40+00:00,3648,29,88,,,,
2026-05-24T03:16:47+00:00,3649,29,88,,,,
2026-05-24T03:17:50+00:00,3650,29,88,,,,
2026-05-24T03:18:52+00:00,3651,29,88,,,,
2026-05-24T03:19:58+00:00,3652,29,89,,,,
2026-05-24T03:21:00+00:00,3653,29,89,,,,
2026-05-24T03:22:03+00:00,3654,29,89,,,,
2026-05-24T03:23:05+00:00,3655,29,89,,,,
2026-05-24T03:24:10+00:00,3656,29,89,,,,
2026-05-24T03:25:13+00:00,3657,29,89,,,,
2026-05-24T03:26:16+00:00,3658,29,89,,,,
2026-05-24T03:27:24+00:00,3659,29,89,,,,
2026-05-24T03:28:32+00:00,3660,29,89,,,,
2026-05-24T03:29:34+00:00,3661,30,89,,,,
2026-05-24T03:30:37+00:00,3662,29,89,,,,
2026-05-24T03:31:44+00:00,3663,29,89,,,,
2026-05-24T03:32:47+00:00,3664,29,89,,,,
2026-05-24T03:33:50+00:00,3665,30,89,,,,
2026-05-24T03:34:53+00:00,3666,30,89,,,,
2026-05-24T03:35:55+00:00,3667,30,89,,,,
2026-05-24T03:36:58+00:00,3668,30,89,,,,
2026-05-24T03:38:01+00:00,3669,30,89,,,,
2026-05-24T03:39:04+00:00,3670,30,89,,,,
2026-05-24T03:40:09+00:00,3671,30,90,,,,
2026-05-24T03:41:12+00:00,3672,30,90,,,,
2026-05-24T03:42:15+00:00,3673,30,90,,,,
2026-05-24T03:43:17+00:00,3674,29,89,,,,
2026-05-24T03:44:20+00:00,3675,29,89,,,,
2026-05-24T03:45:27+00:00,3676,29,89,,,,
2026-05-24T03:46:30+00:00,3677,30,89,,,,
2026-05-24T03:47:32+00:00,3678,30,89,,,,
2026-05-24T03:48:35+00:00,3679,30,89,,,,
2026-05-24T03:49:44+00:00,3680,29,89,,,,
2026-05-24T03:50:51+00:00,3681,29,89,,,,
2026-05-24T03:51:53+00:00,3682,30,89,,,,
2026-05-24T03:52:56+00:00,3683,30,89,,,,
2026-05-24T03:53:59+00:00,3684,30,89,,,,
2026-05-24T03:55:01+00:00,3685,30,89,,,,
2026-05-24T03:56:04+00:00,3686,30,89,,,,
2026-05-24T03:57:07+00:00,3687,30,90,,,,
2026-05-24T03:58:14+00:00,3688,30,90,,,,
2026-05-24T03:59:17+00:00,3689,30,89,,,,
2026-05-24T04:00:19+00:00,3690,30,90,,,,
2026-05-24T04:01:22+00:00,3691,30,90,,,,
2026-05-24T04:02:27+00:00,3692,30,90,,,,
2026-05-24T04:03:30+00:00,3693,30,90,,,,
2026-05-24T04:04:32+00:00,3694,30,90,,,,
2026-05-24T04:05:38+00:00,3695,30,90,,,,
2026-05-24T04:06:41+00:00,3696,30,90,,,,
2026-05-24T04:07:43+00:00,3697,30,90,,,,
2026-05-24T04:08:46+00:00,3698,30,90,,,,
2026-05-24T04:09:48+00:00,3699,30,90,,,,
2026-05-24T04:10:53+00:00,3700,30,90,,,,
2026-05-24T04:11:56+00:00,3701,30,90,,,,
2026-05-24T04:12:59+00:00,3702,30,90,,,,
2026-05-24T04:14:02+00:00,3703,30,90,,,,
2026-05-24T04:15:04+00:00,3704,30,90,,,,
2026-05-24T04:16:13+00:00,3705,30,90,,,,
2026-05-24T04:17:16+00:00,3706,30,90,,,,
2026-05-24T04:18:19+00:00,3707,30,90,,,,
2026-05-24T04:19:22+00:00,3708,30,89,,,,
2026-05-24T04:20:27+00:00,3709,30,89,,,,
2026-05-24T04:21:30+00:00,3710,30,89,,,,
2026-05-24T04:22:32+00:00,3711,30,89,,,,
2026-05-24T04:23:37+00:00,3712,30,88,,,,
2026-05-24T04:24:40+00:00,3713,29,88,,,,
2026-05-24T04:25:43+00:00,3714,29,88,,,,
2026-05-24T04:26:46+00:00,3715,29,88,,,,
2026-05-24T04:27:48+00:00,3716,29,89,,,,
2026-05-24T04:28:54+00:00,3717,29,89,,,,
2026-05-24T04:29:56+00:00,3718,30,89,,,,
2026-05-24T04:30:59+00:00,3719,30,89,,,,
2026-05-24T04:32:04+00:00,3720,29,89,,,,
2026-05-24T04:33:07+00:00,3721,30,88,,,,
2026-05-24T04:34:09+00:00,3722,30,88,,,,
2026-05-24T04:35:12+00:00,3723,30,88,,,,
2026-05-24T04:36:14+00:00,3724,30,88,,,,
2026-05-24T04:37:17+00:00,3725,30,88,,,,
2026-05-24T04:38:19+00:00,3726,30,87,,,,
2026-05-24T04:40:29+00:00,3727,29,87,,,,
2026-05-24T04:41:31+00:00,3728,29,87,,,,
2026-05-24T04:42:34+00:00,3729,29,87,,,,
2026-05-24T04:43:36+00:00,3730,29,87,,,,
2026-05-24T04:44:39+00:00,3731,29,87,,,,
2026-05-24T04:45:41+00:00,3732,29,87,,,,
2026-05-24T04:46:43+00:00,3733,30,87,,,,
2026-05-24T04:48:33+00:00,3734,29,84,,,,
2026-05-24T04:49:35+00:00,3735,29,84,,,,
2026-05-24T04:50:38+00:00,3736,29,88,,,,
2026-05-24T04:51:40+00:00,3737,29,88,,,,
2026-05-24T04:52:43+00:00,3738,29,88,,,,
2026-05-24T04:53:46+00:00,3739,29,88,,,,
2026-05-24T04:54:48+00:00,3740,29,88,,,,
2026-05-24T04:55:50+00:00,3741,29,88,,,,
2026-05-24T04:56:53+00:00,3742,30,88,,,,
2026-05-24T04:59:02+00:00,3743,30,87,,,,
2026-05-24T05:00:04+00:00,3744,30,87,,,,
2026-05-24T05:02:14+00:00,3745,29,87,,,,
2026-05-24T05:03:17+00:00,3746,30,87,,,,
2026-05-24T05:04:19+00:00,3747,29,87,,,,
2026-05-24T05:05:21+00:00,3748,29,87,,,,
2026-05-24T05:07:31+00:00,3749,29,86,,,,
2026-05-24T05:08:33+00:00,3750,29,86,,,,
2026-05-24T05:09:36+00:00,3751,29,86,,,,
2026-05-24T05:10:39+00:00,3752,29,87,,,,
2026-05-24T05:11:41+00:00,3753,29,86,,,,
2026-05-24T05:12:44+00:00,3754,29,86,,,,
2026-05-24T05:13:46+00:00,3755,29,86,,,,
2026-05-24T05:14:49+00:00,3756,29,86,,,,
2026-05-24T05:15:51+00:00,3757,29,86,,,,
2026-05-24T05:16:53+00:00,3758,29,86,,,,
2026-05-24T05:17:56+00:00,3759,29,86,,,,
2026-05-24T05:18:59+00:00,3760,29,86,,,,
2026-05-24T05:20:01+00:00,3761,29,86,,,,
2026-05-24T05:21:03+00:00,3762,29,86,,,,
2026-05-24T05:22:06+00:00,3763,29,86,,,,
2026-05-24T05:23:09+00:00,3764,29,86,,,,
2026-05-24T05:24:11+00:00,3765,29,86,,,,
2026-05-24T05:25:14+00:00,3766,29,86,,,,
2026-05-24T05:26:18+00:00,3767,29,86,,,,
2026-05-24T05:27:20+00:00,3768,29,86,,,,
2026-05-24T05:28:22+00:00,3769,29,86,,,,
2026-05-24T05:29:25+00:00,3770,29,86,,,,
2026-05-24T05:30:27+00:00,3771,29,86,,,,
2026-05-24T05:31:29+00:00,3772,29,86,,,,
2026-05-24T05:32:32+00:00,3773,29,86,,,,
2026-05-24T05:33:37+00:00,3774,29,86,,,,
2026-05-24T05:34:42+00:00,3775,29,85,,,,
2026-05-24T05:35:46+00:00,3776,29,86,,,,
2026-05-24T05:36:50+00:00,3777,29,86,,,,
2026-05-24T05:37:54+00:00,3778,29,86,,,,
2026-05-24T05:39:03+00:00,3779,29,86,,,,
2026-05-24T05:40:11+00:00,3780,29,86,,,,
2026-05-24T05:41:13+00:00,3781,29,86,,,,
2026-05-24T05:42:28+00:00,3782,29,86,,,,
2026-05-24T05:43:30+00:00,3783,29,86,,,,
2026-05-24T05:44:32+00:00,3784,29,86,,,,
2026-05-24T05:45:35+00:00,3785,29,85,,,,
2026-05-24T05:46:37+00:00,3786,29,85,,,,
2026-05-24T05:47:42+00:00,3787,29,85,,,,
2026-05-24T05:48:44+00:00,3788,29,85,,,,
2026-05-24T05:49:46+00:00,3789,29,85,,,,
2026-05-24T05:50:49+00:00,3790,29,85,,,,
2026-05-24T05:51:51+00:00,3791,29,85,,,,
2026-05-24T05:52:57+00:00,3792,29,85,,,,
2026-05-24T05:54:00+00:00,3793,29,85,,,,
2026-05-24T05:55:04+00:00,3794,29,85,,,,
2026-05-24T05:56:07+00:00,3795,29,85,,,,
2026-05-24T05:57:10+00:00,3796,29,85,,,,
2026-05-24T05:58:12+00:00,3797,29,85,,,,
2026-05-24T06:00:21+00:00,3798,29,84,,,,
2026-05-24T06:01:24+00:00,3799,29,84,,,,
2026-05-24T06:02:26+00:00,3800,29,84,,,,
2026-05-24T06:03:29+00:00,3801,29,84,,,,
2026-05-24T06:04:31+00:00,3802,29,84,,,,
2026-05-24T06:05:33+00:00,3803,29,84,,,,
2026-05-24T06:06:36+00:00,3804,29,84,,,,
2026-05-24T06:07:38+00:00,3805,29,84,,,,
2026-05-24T06:08:44+00:00,3806,29,85,,,,
2026-05-24T06:09:47+00:00,3807,29,85,,,,
2026-05-24T06:10:49+00:00,3808,29,85,,,,
2026-05-24T06:11:53+00:00,3809,29,85,,,,
2026-05-24T06:12:56+00:00,3810,29,85,,,,
2026-05-24T06:13:59+00:00,3811,29,85,,,,
2026-05-24T06:15:01+00:00,3812,29,85,,,,
2026-05-24T06:16:08+00:00,3813,29,86,,,,
2026-05-24T06:17:10+00:00,3814,29,86,,,,
2026-05-24T06:18:13+00:00,3815,29,86,,,,
2026-05-24T06:19:15+00:00,3816,29,86,,,,
2026-05-24T06:20:18+00:00,3817,29,86,,,,
2026-05-24T06:21:20+00:00,3818,29,86,,,,
2026-05-24T06:22:22+00:00,3819,29,86,,,,
2026-05-24T06:23:25+00:00,3820,29,86,,,,
2026-05-24T06:24:27+00:00,3821,29,86,,,,
2026-05-24T06:25:30+00:00,3822,29,86,,,,
2026-05-24T06:26:37+00:00,3823,29,86,,,,
2026-05-24T06:27:39+00:00,3824,29,87,,,,
2026-05-24T06:28:42+00:00,3825,29,87,,,,
2026-05-24T06:29:45+00:00,3826,29,87,,,,
2026-05-24T06:30:50+00:00,3827,29,87,,,,
2026-05-24T06:31:52+00:00,3828,29,87,,,,
2026-05-24T06:32:55+00:00,3829,29,87,,,,
2026-05-24T06:33:57+00:00,3830,29,87,,,,
2026-05-24T06:35:00+00:00,3831,29,87,,,,
2026-05-24T06:36:02+00:00,3832,29,86,,,,
2026-05-24T06:37:05+00:00,3833,29,86,,,,
2026-05-24T06:38:07+00:00,3834,29,86,,,,
2026-05-24T06:40:17+00:00,3835,29,86,,,,
2026-05-24T06:41:19+00:00,3836,30,86,,,,
2026-05-24T06:42:21+00:00,3837,29,86,,,,
2026-05-24T06:43:26+00:00,3838,30,86,,,,
2026-05-24T06:44:28+00:00,3839,29,86,,,,
2026-05-24T06:45:30+00:00,3840,29,85,,,,
2026-05-24T06:46:33+00:00,3841,29,85,,,,
2026-05-24T06:47:35+00:00,3842,29,85,,,,
2026-05-24T06:48:45+00:00,3843,30,84,,,,
2026-05-24T06:49:47+00:00,3844,30,84,,,,
2026-05-24T06:50:50+00:00,3845,30,84,,,,
2026-05-24T06:51:52+00:00,3846,30,83,,,,
2026-05-24T06:53:03+00:00,3847,30,83,,,,
2026-05-24T06:54:05+00:00,3848,30,83,,,,
2026-05-24T06:55:08+00:00,3849,30,83,,,,
2026-05-24T06:56:10+00:00,3850,30,83,,,,
2026-05-24T06:57:12+00:00,3851,30,83,,,,
2026-05-24T06:58:16+00:00,3852,30,83,,,,
2026-05-24T06:59:19+00:00,3853,30,83,,,,
2026-05-24T07:00:21+00:00,3854,30,82,,,,
2026-05-24T07:01:29+00:00,3855,30,82,,,,
2026-05-24T07:02:31+00:00,3856,30,82,,,,
2026-05-24T07:03:33+00:00,3857,30,82,,,,
2026-05-24T07:04:36+00:00,3858,30,82,,,,
2026-05-24T07:05:38+00:00,3859,30,82,,,,
2026-05-24T07:06:41+00:00,3860,30,82,,,,
2026-05-24T07:07:43+00:00,3861,30,82,,,,
2026-05-24T07:08:46+00:00,3862,30,82,,,,
2026-05-24T07:09:52+00:00,3863,30,83,,,,
2026-05-24T07:10:55+00:00,3864,30,83,,,,
2026-05-24T07:11:57+00:00,3865,30,83,,,,
2026-05-24T07:13:14+00:00,3866,30,83,,,,
2026-05-24T07:14:17+00:00,3867,30,83,,,,
2026-05-24T07:15:19+00:00,3868,30,83,,,,
2026-05-24T07:17:28+00:00,3869,30,84,,,,
2026-05-24T07:18:31+00:00,3870,30,84,,,,
2026-05-24T07:19:34+00:00,3871,30,84,,,,
2026-05-24T07:20:37+00:00,3872,30,84,,,,
2026-05-24T07:21:39+00:00,3873,30,84,,,,
2026-05-24T07:22:48+00:00,3874,30,83,,,,
2026-05-24T07:23:51+00:00,3875,30,83,,,,
2026-05-24T07:24:53+00:00,3876,30,83,,,,
2026-05-24T07:27:03+00:00,3877,30,83,,,,
2026-05-24T07:28:06+00:00,3878,30,83,,,,
2026-05-24T07:29:08+00:00,3879,30,83,,,,
2026-05-24T07:30:13+00:00,3880,30,83,,,,
2026-05-24T07:31:15+00:00,3881,30,83,,,,
2026-05-24T07:32:18+00:00,3882,30,83,,,,
2026-05-24T07:33:27+00:00,3883,30,82,,,,
2026-05-24T07:34:29+00:00,3884,30,82,,,,
2026-05-24T07:35:32+00:00,3885,30,82,,,,
2026-05-24T07:36:34+00:00,3886,30,82,,,,
2026-05-24T07:37:36+00:00,3887,30,82,,,,
2026-05-24T07:38:39+00:00,3888,30,82,,,,
2026-05-24T07:39:41+00:00,3889,30,82,,,,
2026-05-24T07:40:44+00:00,3890,30,82,,,,
2026-05-24T07:41:46+00:00,3891,30,82,,,,
2026-05-24T07:42:48+00:00,3892,30,82,,,,
2026-05-24T07:43:51+00:00,3893,30,82,,,,
2026-05-24T07:44:53+00:00,3894,30,82,,,,
2026-05-24T07:45:55+00:00,3895,30,82,,,,
2026-05-24T07:47:04+00:00,3896,30,82,,,,
2026-05-24T07:48:06+00:00,3897,30,82,,,,
2026-05-24T07:49:09+00:00,3898,30,82,,,,
2026-05-24T07:50:11+00:00,3899,30,83,,,,
2026-05-24T07:51:18+00:00,3900,30,83,,,,
2026-05-24T07:52:20+00:00,3901,30,83,,,,
2026-05-24T07:53:23+00:00,3902,30,83,,,,
2026-05-24T07:54:26+00:00,3903,29,83,,,,
2026-05-24T07:55:34+00:00,3904,29,83,,,,
2026-05-24T07:56:36+00:00,3905,29,83,,,,
2026-05-24T07:57:38+00:00,3906,30,83,,,,
2026-05-24T07:58:41+00:00,3907,30,83,,,,
2026-05-24T07:59:43+00:00,3908,30,83,,,,
2026-05-24T08:00:45+00:00,3909,30,83,,,,
2026-05-24T08:01:48+00:00,3910,30,83,,,,
2026-05-24T08:02:50+00:00,3911,30,83,,,,
2026-05-24T08:03:52+00:00,3912,30,83,,,,
2026-05-24T08:04:54+00:00,3913,30,82,,,,
2026-05-24T08:05:58+00:00,3914,30,82,,,,
2026-05-24T08:07:03+00:00,3915,30,83,,,,
2026-05-24T08:08:06+00:00,3916,30,83,,,,
2026-05-24T08:09:10+00:00,3917,30,82,,,,
2026-05-24T08:10:17+00:00,3918,30,83,,,,
2026-05-24T08:11:19+00:00,3919,30,82,,,,
2026-05-24T08:12:22+00:00,3920,30,82,,,,
2026-05-24T08:14:31+00:00,3921,30,82,,,,
2026-05-24T08:15:34+00:00,3922,30,82,,,,
2026-05-24T08:16:36+00:00,3923,30,82,,,,
2026-05-24T08:17:43+00:00,3924,30,82,,,,
2026-05-24T08:18:45+00:00,3925,30,82,,,,
2026-05-24T08:19:47+00:00,3926,30,82,,,,
2026-05-24T08:20:54+00:00,3927,30,81,,,,
2026-05-24T08:21:56+00:00,3928,30,81,,,,
2026-05-24T08:22:58+00:00,3929,30,81,,,,
2026-05-24T08:24:01+00:00,3930,30,81,,,,
2026-05-24T08:26:10+00:00,3931,30,81,,,,
2026-05-24T08:27:12+00:00,3932,30,81,,,,
2026-05-24T08:28:15+00:00,3933,30,80,,,,
2026-05-24T08:29:17+00:00,3934,30,80,,,,
2026-05-24T08:30:21+00:00,3935,30,80,,,,
2026-05-24T08:31:39+00:00,3936,30,80,,,,
2026-05-24T08:32:41+00:00,3937,30,80,,,,
2026-05-24T08:33:44+00:00,3938,30,81,,,,
2026-05-24T08:34:46+00:00,3939,30,81,,,,
2026-05-24T08:35:48+00:00,3940,30,81,,,,
2026-05-24T08:36:55+00:00,3941,30,81,,,,
2026-05-24T08:37:57+00:00,3942,30,81,,,,
2026-05-24T08:39:00+00:00,3943,30,80,,,,
2026-05-24T08:40:03+00:00,3944,30,80,,,,
2026-05-24T08:41:06+00:00,3945,30,80,,,,
2026-05-24T08:42:09+00:00,3946,30,80,,,,
2026-05-24T08:43:12+00:00,3947,30,80,,,,
2026-05-24T08:44:14+00:00,3948,30,80,,,,
2026-05-24T08:45:21+00:00,3949,30,80,,,,
2026-05-24T08:46:24+00:00,3950,30,79,,,,
2026-05-24T08:47:26+00:00,3951,30,79,,,,
2026-05-24T08:48:29+00:00,3952,30,79,,,,
2026-05-24T08:49:32+00:00,3953,30,79,,,,
2026-05-24T08:50:35+00:00,3954,30,79,,,,
2026-05-24T08:51:37+00:00,3955,30,78,,,,
2026-05-24T08:52:45+00:00,3956,30,78,,,,
2026-05-24T08:53:49+00:00,3957,30,78,,,,
2026-05-24T08:54:52+00:00,3958,30,78,,,,
2026-05-24T08:55:55+00:00,3959,30,78,,,,
2026-05-24T08:56:58+00:00,3960,30,78,,,,
2026-05-24T08:58:04+00:00,3961,30,78,,,,
2026-05-24T08:59:07+00:00,3962,30,78,,,,
2026-05-24T09:00:09+00:00,3963,30,77,,,,
2026-05-24T09:01:14+00:00,3964,30,77,,,,
2026-05-24T09:02:16+00:00,3965,30,77,,,,
2026-05-24T09:03:18+00:00,3966,30,77,,,,
2026-05-24T09:04:21+00:00,3967,30,77,,,,
2026-05-24T09:05:25+00:00,3968,30,77,,,,
2026-05-24T09:06:27+00:00,3969,30,77,,,,
2026-05-24T09:07:30+00:00,3970,30,77,,,,
2026-05-24T09:08:32+00:00,3971,30,77,,,,
2026-05-24T09:09:35+00:00,3972,30,76,,,,
2026-05-24T09:10:38+00:00,3973,30,77,,,,
2026-05-24T09:11:40+00:00,3974,30,77,,,,
2026-05-24T09:12:43+00:00,3975,30,77,,,,
2026-05-24T09:13:45+00:00,3976,30,77,,,,
2026-05-24T09:14:48+00:00,3977,30,77,,,,
2026-05-24T09:15:51+00:00,3978,30,77,,,,
2026-05-24T09:16:53+00:00,3979,30,77,,,,
2026-05-24T09:17:55+00:00,3980,30,77,,,,
2026-05-24T09:18:58+00:00,3981,30,77,,,,
2026-05-24T09:20:01+00:00,3982,30,77,,,,
2026-05-24T09:21:03+00:00,3983,30,77,,,,
2026-05-24T09:22:06+00:00,3984,30,77,,,,
2026-05-24T09:23:08+00:00,3985,30,77,,,,
2026-05-24T09:24:10+00:00,3986,30,77,,,,
2026-05-24T09:25:13+00:00,3987,30,78,,,,
2026-05-24T09:26:16+00:00,3988,30,77,,,,
2026-05-24T09:27:18+00:00,3989,30,77,,,,
2026-05-24T09:28:20+00:00,3990,30,77,,,,
2026-05-24T09:29:23+00:00,3991,30,77,,,,
2026-05-24T09:30:25+00:00,3992,30,77,,,,
2026-05-24T09:31:28+00:00,3993,30,77,,,,
2026-05-24T09:32:30+00:00,3994,30,77,,,,
2026-05-24T09:33:33+00:00,3995,30,77,,,,
2026-05-24T09:34:35+00:00,3996,30,77,,,,
2026-05-24T09:35:38+00:00,3997,30,77,,,,
2026-05-24T09:36:40+00:00,3998,30,78,,,,
2026-05-24T09:37:43+00:00,3999,30,78,,,,
2026-05-24T09:38:46+00:00,4000,30,78,,,,
2026-05-24T09:39:49+00:00,4001,30,78,,,,
2026-05-24T09:40:51+00:00,4002,30,78,,,,
2026-05-24T09:41:54+00:00,4003,30,78,,,,
2026-05-24T09:42:56+00:00,4004,30,78,,,,
2026-05-24T09:43:59+00:00,4005,30,78,,,,
2026-05-24T09:45:02+00:00,4006,30,78,,,,
2026-05-24T09:46:04+00:00,4007,30,78,,,,
2026-05-24T09:47:07+00:00,4008,30,78,,,,
2026-05-24T09:48:09+00:00,4009,30,78,,,,
2026-05-24T09:49:11+00:00,4010,30,78,,,,
2026-05-24T09:50:14+00:00,4011,30,78,,,,
2026-05-24T09:51:17+00:00,4012,30,78,,,,
2026-05-24T09:52:19+00:00,4013,30,78,,,,
2026-05-24T09:53:22+00:00,4014,30,78,,,,
2026-05-24T09:54:25+00:00,4015,30,78,,,,
2026-05-24T09:55:27+00:00,4016,30,77,,,,
2026-05-24T09:56:30+00:00,4017,30,77,,,,
2026-05-24T09:57:32+00:00,4018,30,77,,,,
2026-05-24T09:58:34+00:00,4019,30,77,,,,
2026-05-24T09:59:37+00:00,4020,30,77,,,,
2026-05-24T10:00:40+00:00,4021,30,77,,,,
2026-05-24T10:01:43+00:00,4022,30,77,,,,
2026-05-24T10:02:45+00:00,4023,30,77,,,,
2026-05-24T10:03:48+00:00,4024,30,77,,,,
2026-05-24T10:04:51+00:00,4025,30,76,,,,
2026-05-24T10:05:53+00:00,4026,30,76,,,,
2026-05-24T10:06:56+00:00,4027,30,76,,,,
2026-05-24T10:07:58+00:00,4028,30,76,,,,
2026-05-24T10:09:00+00:00,4029,30,76,,,,
2026-05-24T10:10:03+00:00,4030,30,76,,,,
2026-05-24T10:11:05+00:00,4031,30,76,,,,
2026-05-24T10:12:08+00:00,4032,30,76,,,,
2026-05-24T10:13:10+00:00,4033,30,76,,,,
2026-05-24T10:14:14+00:00,4034,30,76,,,,
2026-05-24T10:15:16+00:00,4035,30,76,,,,
2026-05-24T10:16:19+00:00,4036,30,76,,,,
2026-05-24T10:17:22+00:00,4037,30,75,,,,
2026-05-24T10:18:24+00:00,4038,30,75,,,,
2026-05-24T10:19:27+00:00,4039,30,75,,,,
2026-05-24T10:20:29+00:00,4040,30,76,,,,
2026-05-24T10:21:31+00:00,4041,30,76,,,,
2026-05-24T10:22:33+00:00,4042,30,76,,,,
2026-05-24T10:23:36+00:00,4043,30,76,,,,
2026-05-24T10:24:42+00:00,4044,30,76,,,,
2026-05-24T10:25:44+00:00,4045,30,76,,,,
2026-05-24T10:26:47+00:00,4046,30,76,,,,
2026-05-24T10:27:49+00:00,4047,30,76,,,,
2026-05-24T10:28:56+00:00,4048,30,76,,,,
2026-05-24T10:29:59+00:00,4049,30,76,,,,
2026-05-24T10:31:01+00:00,4050,30,77,,,,
2026-05-24T10:33:11+00:00,4051,30,77,,,,
2026-05-24T10:34:13+00:00,4052,31,77,,,,
2026-05-24T10:35:16+00:00,4053,30,77,,,,
2026-05-24T10:36:30+00:00,4054,30,77,,,,
2026-05-24T10:37:32+00:00,4055,30,78,,,,
2026-05-24T10:38:34+00:00,4056,30,78,,,,
2026-05-24T10:39:37+00:00,4057,30,78,,,,
2026-05-24T10:40:40+00:00,4058,30,78,,,,
2026-05-24T10:41:43+00:00,4059,30,78,,,,
2026-05-24T10:42:46+00:00,4060,30,78,,,,
2026-05-24T10:43:57+00:00,4061,30,78,,,,
2026-05-24T10:45:00+00:00,4062,30,78,,,,
2026-05-24T10:46:02+00:00,4063,30,78,,,,
2026-05-24T10:47:04+00:00,4064,30,77,,,,
2026-05-24T10:48:07+00:00,4065,30,76,,,,
2026-05-24T10:49:09+00:00,4066,30,76,,,,
2026-05-24T10:50:12+00:00,4067,30,77,,,,
2026-05-24T10:51:14+00:00,4068,30,77,,,,
2026-05-24T10:52:17+00:00,4069,30,77,,,,
2026-05-24T10:53:21+00:00,4070,30,77,,,,
2026-05-24T10:54:24+00:00,4071,30,76,,,,
2026-05-24T10:55:26+00:00,4072,30,76,,,,
2026-05-24T10:56:28+00:00,4073,31,76,,,,
2026-05-24T10:57:35+00:00,4074,31,76,,,,
2026-05-24T10:58:37+00:00,4075,31,76,,,,
2026-05-24T10:59:40+00:00,4076,31,76,,,,
2026-05-24T11:00:45+00:00,4077,31,76,,,,
2026-05-24T11:01:48+00:00,4078,31,76,,,,
2026-05-24T11:02:50+00:00,4079,31,76,,,,
2026-05-24T11:04:07+00:00,4080,31,76,,,,
2026-05-24T11:05:10+00:00,4081,31,76,,,,
2026-05-24T11:06:13+00:00,4082,31,75,,,,
2026-05-24T11:07:16+00:00,4083,31,75,,,,
2026-05-24T11:08:19+00:00,4084,31,75,,,,
2026-05-24T11:09:21+00:00,4085,31,75,,,,
2026-05-24T11:10:30+00:00,4086,31,75,,,,
2026-05-24T11:11:32+00:00,4087,31,75,,,,
2026-05-24T11:12:35+00:00,4088,31,75,,,,
2026-05-24T11:13:42+00:00,4089,31,75,,,,
2026-05-24T11:14:45+00:00,4090,31,75,,,,
2026-05-24T11:15:47+00:00,4091,31,75,,,,
2026-05-24T11:16:50+00:00,4092,31,74,,,,
2026-05-24T11:17:53+00:00,4093,31,74,,,,
2026-05-24T11:18:56+00:00,4094,31,75,,,,
2026-05-24T11:19:58+00:00,4095,31,74,,,,
2026-05-24T11:21:01+00:00,4096,31,74,,,,
2026-05-24T11:22:04+00:00,4097,31,74,,,,
2026-05-24T11:23:07+00:00,4098,31,74,,,,
2026-05-24T11:24:10+00:00,4099,31,74,,,,
2026-05-24T11:25:13+00:00,4100,31,74,,,,
2026-05-24T11:26:16+00:00,4101,31,74,,,,
2026-05-24T11:27:21+00:00,4102,31,74,,,,
2026-05-24T11:28:24+00:00,4103,31,74,,,,
2026-05-24T11:29:26+00:00,4104,31,74,,,,
2026-05-24T11:30:31+00:00,4105,31,74,,,,
2026-05-24T11:31:34+00:00,4106,31,74,,,,
2026-05-24T11:32:36+00:00,4107,31,74,,,,
2026-05-24T11:33:39+00:00,4108,31,74,,,,
2026-05-24T11:34:41+00:00,4109,31,74,,,,
2026-05-24T11:35:51+00:00,4110,31,74,,,,
2026-05-24T11:36:54+00:00,4111,31,74,,,,
2026-05-24T11:37:56+00:00,4112,31,74,,,,
2026-05-24T11:38:59+00:00,4113,31,74,,,,
2026-05-24T11:40:01+00:00,4114,31,74,,,,
2026-05-24T11:41:15+00:00,4115,31,74,,,,
2026-05-24T11:42:18+00:00,4116,31,74,,,,
2026-05-24T11:43:21+00:00,4117,31,74,,,,
2026-05-24T11:44:24+00:00,4118,31,74,,,,
2026-05-24T11:45:28+00:00,4119,31,74,,,,
2026-05-24T11:46:31+00:00,4120,31,74,,,,
2026-05-24T11:47:34+00:00,4121,31,75,,,,
2026-05-24T11:48:37+00:00,4122,31,76,,,,
2026-05-24T11:49:42+00:00,4123,31,77,,,,
2026-05-24T11:50:44+00:00,4124,31,77,,,,
2026-05-24T11:51:47+00:00,4125,31,78,,,,
2026-05-24T11:52:50+00:00,4126,31,78,,,,
2026-05-24T11:53:52+00:00,4127,31,79,,,,
2026-05-24T11:55:06+00:00,4128,31,79,,,,
2026-05-24T11:56:09+00:00,4129,31,78,,,,
2026-05-24T11:57:12+00:00,4130,31,78,,,,
2026-05-24T11:58:14+00:00,4131,31,78,,,,
2026-05-24T11:59:21+00:00,4132,31,78,,,,
2026-05-24T12:00:24+00:00,4133,31,77,,,,
2026-05-24T12:01:27+00:00,4134,31,77,,,,
2026-05-24T12:03:38+00:00,4135,31,77,,,,
2026-05-24T12:04:41+00:00,4136,31,77,,,,
2026-05-24T12:05:43+00:00,4137,31,76,,,,
2026-05-24T12:06:46+00:00,4138,31,76,,,,
2026-05-24T12:08:56+00:00,4139,31,76,,,,
2026-05-24T12:09:58+00:00,4140,31,76,,,,
2026-05-24T12:11:01+00:00,4141,31,76,,,,
2026-05-24T12:12:03+00:00,4142,31,76,,,,
2026-05-24T12:13:12+00:00,4143,31,76,,,,
2026-05-24T12:14:15+00:00,4144,31,76,,,,
2026-05-24T12:15:17+00:00,4145,31,76,,,,
2026-05-24T12:16:19+00:00,4146,31,76,,,,
2026-05-24T12:17:22+00:00,4147,31,76,,,,
2026-05-24T12:18:24+00:00,4148,31,76,,,,
2026-05-24T12:19:31+00:00,4149,31,76,,,,
2026-05-24T12:20:33+00:00,4150,31,76,,,,
2026-05-24T12:21:36+00:00,4151,31,76,,,,
2026-05-24T12:22:38+00:00,4152,31,77,,,,
2026-05-24T12:23:41+00:00,4153,31,77,,,,
2026-05-24T12:24:43+00:00,4154,31,77,,,,
2026-05-24T12:25:46+00:00,4155,31,77,,,,
2026-05-24T12:26:49+00:00,4156,31,77,,,,
2026-05-24T12:27:51+00:00,4157,31,77,,,,
2026-05-24T12:28:54+00:00,4158,31,77,,,,
2026-05-24T12:29:56+00:00,4159,31,77,,,,
2026-05-24T12:30:59+00:00,4160,31,77,,,,
2026-05-24T12:32:01+00:00,4161,31,77,,,,
2026-05-24T12:33:04+00:00,4162,31,77,,,,
2026-05-24T12:34:11+00:00,4163,31,77,,,,
2026-05-24T12:35:16+00:00,4164,31,77,,,,
2026-05-24T12:36:19+00:00,4165,31,78,,,,
2026-05-24T12:37:31+00:00,4166,31,78,,,,
2026-05-24T12:38:41+00:00,4167,31,78,,,,
2026-05-24T12:39:44+00:00,4168,31,78,,,,
2026-05-24T12:40:46+00:00,4169,31,78,,,,
2026-05-24T12:41:48+00:00,4170,31,78,,,,
2026-05-24T12:42:50+00:00,4171,31,78,,,,
2026-05-24T12:43:53+00:00,4172,31,78,,,,
2026-05-24T12:44:56+00:00,4173,31,78,,,,
2026-05-24T12:45:59+00:00,4174,31,78,,,,
2026-05-24T12:47:01+00:00,4175,31,78,,,,
2026-05-24T12:48:04+00:00,4176,31,77,,,,
2026-05-24T12:49:06+00:00,4177,31,77,,,,
2026-05-24T12:50:09+00:00,4178,31,77,,,,
2026-05-24T12:51:11+00:00,4179,31,77,,,,
2026-05-24T12:52:14+00:00,4180,31,77,,,,
2026-05-24T12:53:16+00:00,4181,31,77,,,,
2026-05-24T12:54:18+00:00,4182,31,77,,,,
2026-05-24T12:55:20+00:00,4183,31,76,,,,
2026-05-24T12:56:23+00:00,4184,31,76,,,,
2026-05-24T12:57:25+00:00,4185,31,76,,,,
2026-05-24T12:58:27+00:00,4186,31,76,,,,
2026-05-24T12:59:29+00:00,4187,31,76,,,,
2026-05-24T13:00:35+00:00,4188,30,76,,,,
2026-05-24T13:01:38+00:00,4189,30,76,,,,
2026-05-24T13:02:41+00:00,4190,30,76,,,,
2026-05-24T13:03:43+00:00,4191,30,76,,,,
2026-05-24T13:04:54+00:00,4192,30,76,,,,
2026-05-24T13:05:56+00:00,4193,30,76,,,,
2026-05-24T13:06:59+00:00,4194,30,76,,,,
2026-05-24T13:08:01+00:00,4195,30,76,,,,
2026-05-24T13:09:04+00:00,4196,30,76,,,,
2026-05-24T13:10:06+00:00,4197,30,76,,,,
2026-05-24T13:11:09+00:00,4198,30,76,,,,
2026-05-24T13:12:11+00:00,4199,30,76,,,,
2026-05-24T13:13:14+00:00,4200,30,76,,,,
2026-05-24T13:15:24+00:00,4201,30,77,,,,
2026-05-24T13:16:27+00:00,4202,30,76,,,,
2026-05-24T13:17:29+00:00,4203,30,76,,,,
2026-05-24T13:18:32+00:00,4204,30,76,,,,
2026-05-24T13:19:44+00:00,4205,30,76,,,,
2026-05-24T13:20:46+00:00,4206,30,76,,,,
2026-05-24T13:21:49+00:00,4207,30,76,,,,
2026-05-24T13:22:51+00:00,4208,30,76,,,,
2026-05-24T13:23:55+00:00,4209,30,76,,,,
2026-05-24T13:24:57+00:00,4210,30,76,,,,
2026-05-24T13:26:00+00:00,4211,30,76,,,,
2026-05-24T13:27:02+00:00,4212,30,76,,,,
2026-05-24T13:29:12+00:00,4213,30,76,,,,
2026-05-24T13:30:15+00:00,4214,30,76,,,,
2026-05-24T13:31:17+00:00,4215,30,76,,,,
2026-05-24T13:32:19+00:00,4216,30,76,,,,
2026-05-24T13:33:26+00:00,4217,30,76,,,,
2026-05-24T13:34:28+00:00,4218,30,76,,,,
2026-05-24T13:35:31+00:00,4219,30,76,,,,
2026-05-24T13:36:33+00:00,4220,30,76,,,,
2026-05-24T13:37:35+00:00,4221,30,76,,,,
2026-05-24T13:38:38+00:00,4222,30,76,,,,
2026-05-24T13:39:41+00:00,4223,30,76,,,,
2026-05-24T13:40:44+00:00,4224,30,76,,,,
2026-05-24T13:41:52+00:00,4225,30,76,,,,
2026-05-24T13:42:54+00:00,4226,30,76,,,,
2026-05-24T13:43:57+00:00,4227,30,75,,,,
2026-05-24T13:44:59+00:00,4228,30,75,,,,
2026-05-24T13:46:02+00:00,4229,30,75,,,,
2026-05-24T13:47:11+00:00,4230,30,75,,,,
2026-05-24T13:48:13+00:00,4231,30,75,,,,
2026-05-24T13:49:16+00:00,4232,30,75,,,,
2026-05-24T13:50:22+00:00,4233,30,75,,,,
2026-05-24T13:51:24+00:00,4234,30,75,,,,
2026-05-24T13:52:27+00:00,4235,30,75,,,,
2026-05-24T13:53:29+00:00,4236,30,76,,,,
2026-05-24T13:54:42+00:00,4237,30,76,,,,
2026-05-24T13:55:45+00:00,4238,30,76,,,,
2026-05-24T13:56:47+00:00,4239,30,76,,,,
2026-05-24T13:57:50+00:00,4240,30,76,,,,
2026-05-24T13:58:53+00:00,4241,30,76,,,,
2026-05-24T13:59:56+00:00,4242,30,76,,,,
2026-05-24T14:00:58+00:00,4243,30,76,,,,
2026-05-24T14:02:01+00:00,4244,30,76,,,,
2026-05-24T14:03:03+00:00,4245,30,76,,,,
2026-05-24T14:04:06+00:00,4246,30,76,,,,
2026-05-24T14:05:08+00:00,4247,30,76,,,,
2026-05-24T14:06:11+00:00,4248,30,76,,,,
2026-05-24T14:07:13+00:00,4249,30,76,,,,
2026-05-24T14:08:16+00:00,4250,30,76,,,,
2026-05-24T14:09:18+00:00,4251,31,76,,,,
2026-05-24T14:10:21+00:00,4252,31,76,,,,
2026-05-24T14:11:23+00:00,4253,31,76,,,,
2026-05-24T14:12:26+00:00,4254,31,76,,,,
2026-05-24T14:13:31+00:00,4255,31,76,,,,
2026-05-24T14:14:33+00:00,4256,31,76,,,,
2026-05-24T14:15:36+00:00,4257,31,76,,,,
2026-05-24T14:16:38+00:00,4258,31,76,,,,
2026-05-24T14:17:40+00:00,4259,31,76,,,,
2026-05-24T14:18:43+00:00,4260,31,76,,,,
2026-05-24T14:19:45+00:00,4261,31,76,,,,
2026-05-24T14:21:55+00:00,4262,31,76,,,,
2026-05-24T14:22:58+00:00,4263,31,76,,,,
2026-05-24T14:24:00+00:00,4264,31,76,,,,
2026-05-24T14:25:03+00:00,4265,31,76,,,,
2026-05-24T14:26:05+00:00,4266,31,76,,,,
2026-05-24T14:27:07+00:00,4267,31,76,,,,
2026-05-24T14:28:10+00:00,4268,31,76,,,,
2026-05-24T14:29:12+00:00,4269,31,76,,,,
2026-05-24T14:30:15+00:00,4270,31,76,,,,
2026-05-24T14:31:17+00:00,4271,31,76,,,,
2026-05-24T14:32:19+00:00,4272,31,76,,,,
2026-05-24T14:33:22+00:00,4273,31,76,,,,
2026-05-24T14:34:24+00:00,4274,31,76,,,,
2026-05-24T14:35:27+00:00,4275,31,76,,,,
2026-05-24T14:36:30+00:00,4276,31,76,,,,
2026-05-24T14:37:32+00:00,4277,31,77,,,,
2026-05-24T14:38:34+00:00,4278,31,77,,,,
2026-05-24T14:39:37+00:00,4279,31,77,,,,
2026-05-24T14:40:40+00:00,4280,31,77,,,,
2026-05-24T14:41:43+00:00,4281,31,77,,,,
2026-05-24T14:42:45+00:00,4282,31,77,,,,
2026-05-24T14:43:48+00:00,4283,31,77,,,,
2026-05-24T14:44:50+00:00,4284,31,77,,,,
2026-05-24T14:45:52+00:00,4285,31,77,,,,
2026-05-24T14:46:54+00:00,4286,31,77,,,,
2026-05-24T14:47:57+00:00,4287,31,77,,,,
2026-05-24T14:48:59+00:00,4288,31,77,,,,
2026-05-24T14:50:02+00:00,4289,31,77,,,,
2026-05-24T14:51:04+00:00,4290,31,77,,,,
2026-05-24T14:52:07+00:00,4291,31,77,,,,
2026-05-24T14:53:09+00:00,4292,31,77,,,,
2026-05-24T14:54:12+00:00,4293,31,77,,,,
2026-05-24T14:55:14+00:00,4294,31,77,,,,
2026-05-24T14:56:16+00:00,4295,31,77,,,,
2026-05-24T14:57:19+00:00,4296,31,77,,,,
2026-05-24T14:58:21+00:00,4297,31,77,,,,
2026-05-24T14:59:24+00:00,4298,31,77,,,,
2026-05-24T15:00:26+00:00,4299,31,77,,,,
2026-05-24T15:01:28+00:00,4300,31,77,,,,
2026-05-24T15:02:31+00:00,4301,31,77,,,,
2026-05-24T15:03:33+00:00,4302,31,77,,,,
2026-05-24T15:04:36+00:00,4303,31,77,,,,
2026-05-24T15:05:38+00:00,4304,31,77,,,,
2026-05-24T15:06:40+00:00,4305,31,77,,,,
2026-05-24T15:07:43+00:00,4306,31,77,,,,
2026-05-24T15:08:45+00:00,4307,31,77,,,,
2026-05-24T15:09:48+00:00,4308,30,77,,,,
2026-05-24T15:10:51+00:00,4309,30,77,,,,
2026-05-24T15:11:54+00:00,4310,30,77,,,,
2026-05-24T15:12:57+00:00,4311,30,77,,,,
2026-05-24T15:13:59+00:00,4312,30,77,,,,
2026-05-24T15:15:02+00:00,4313,30,77,,,,
2026-05-24T15:16:04+00:00,4314,30,77,,,,
2026-05-24T15:17:07+00:00,4315,30,77,,,,
2026-05-24T15:18:10+00:00,4316,30,77,,,,
2026-05-24T15:19:13+00:00,4317,30,77,,,,
2026-05-24T15:20:15+00:00,4318,30,77,,,,
2026-05-24T15:21:18+00:00,4319,30,77,,,,
2026-05-24T15:22:21+00:00,4320,30,77,,,,
2026-05-24T15:23:23+00:00,4321,30,77,,,,
2026-05-24T15:24:26+00:00,4322,30,77,,,,
2026-05-24T15:25:29+00:00,4323,30,77,,,,
2026-05-24T15:26:32+00:00,4324,30,78,,,,
2026-05-24T15:27:34+00:00,4325,30,78,,,,
2026-05-24T15:28:37+00:00,4326,30,77,,,,
2026-05-24T15:29:40+00:00,4327,30,77,,,,
2026-05-24T15:30:42+00:00,4328,30,77,,,,
2026-05-24T15:31:45+00:00,4329,30,78,,,,
2026-05-24T15:32:48+00:00,4330,30,78,,,,
2026-05-24T15:33:50+00:00,4331,30,79,,,,
2026-05-24T15:34:53+00:00,4332,30,79,,,,
2026-05-24T15:35:55+00:00,4333,30,79,,,,
2026-05-24T15:36:58+00:00,4334,30,79,,,,
2026-05-24T15:38:00+00:00,4335,30,79,,,,
2026-05-24T15:39:03+00:00,4336,30,79,,,,
2026-05-24T15:40:07+00:00,4337,30,79,,,,
2026-05-24T15:42:17+00:00,4338,30,79,,,,
2026-05-24T15:43:19+00:00,4339,30,79,,,,
2026-05-24T15:44:22+00:00,4340,30,79,,,,
2026-05-24T15:45:24+00:00,4341,30,79,,,,
2026-05-24T15:46:27+00:00,4342,30,79,,,,
2026-05-24T15:47:29+00:00,4343,30,79,,,,
2026-05-24T15:48:31+00:00,4344,30,79,,,,
2026-05-24T15:49:33+00:00,4345,30,80,,,,
2026-05-24T15:50:36+00:00,4346,30,80,,,,
2026-05-24T15:51:38+00:00,4347,30,80,,,,
2026-05-24T15:52:41+00:00,4348,30,80,,,,
2026-05-24T15:53:43+00:00,4349,30,80,,,,
2026-05-24T15:54:45+00:00,4350,30,80,,,,
2026-05-24T15:55:48+00:00,4351,30,80,,,,
2026-05-24T15:56:51+00:00,4352,30,80,,,,
2026-05-24T15:57:54+00:00,4353,30,80,,,,
2026-05-24T15:58:56+00:00,4354,30,80,,,,
2026-05-24T15:59:59+00:00,4355,30,80,,,,
2026-05-24T16:01:01+00:00,4356,30,80,,,,
2026-05-24T16:02:04+00:00,4357,30,80,,,,
2026-05-24T16:03:13+00:00,4358,30,80,,,,
2026-05-24T16:04:15+00:00,4359,30,80,,,,
2026-05-24T16:05:22+00:00,4360,30,79,,,,
2026-05-24T16:06:26+00:00,4361,30,79,,,,
2026-05-24T16:07:29+00:00,4362,30,79,,,,
2026-05-24T16:08:43+00:00,4363,30,79,,,,
2026-05-24T16:09:46+00:00,4364,30,79,,,,
2026-05-24T16:10:48+00:00,4365,30,79,,,,
2026-05-24T16:11:51+00:00,4366,30,79,,,,
2026-05-24T16:13:11+00:00,4367,30,79,,,,
2026-05-24T16:14:13+00:00,4368,30,79,,,,
2026-05-24T16:15:16+00:00,4369,30,79,,,,
2026-05-24T16:16:18+00:00,4370,30,79,,,,
2026-05-24T16:17:29+00:00,4371,30,79,,,,
2026-05-24T16:18:32+00:00,4372,30,79,,,,
2026-05-24T16:19:35+00:00,4373,30,79,,,,
2026-05-24T16:20:37+00:00,4374,30,79,,,,
2026-05-24T16:21:41+00:00,4375,30,79,,,,
2026-05-24T16:22:44+00:00,4376,30,79,,,,
2026-05-24T16:23:46+00:00,4377,30,79,,,,
2026-05-24T16:24:55+00:00,4378,30,79,,,,
2026-05-24T16:26:01+00:00,4379,30,79,,,,
2026-05-24T16:27:04+00:00,4380,30,79,,,,
2026-05-24T16:28:07+00:00,4381,30,79,,,,
2026-05-24T16:29:16+00:00,4382,30,79,,,,
2026-05-24T16:30:19+00:00,4383,30,79,,,,
2026-05-24T16:31:21+00:00,4384,30,79,,,,
2026-05-24T16:32:24+00:00,4385,30,79,,,,
2026-05-24T16:33:27+00:00,4386,30,79,,,,
2026-05-24T16:34:34+00:00,4387,30,79,,,,
2026-05-24T16:35:36+00:00,4388,30,79,,,,
2026-05-24T16:36:39+00:00,4389,30,79,,,,
2026-05-24T16:37:41+00:00,4390,30,79,,,,
2026-05-24T16:38:51+00:00,4391,30,79,,,,
2026-05-24T16:39:55+00:00,4392,30,79,,,,
2026-05-24T16:40:57+00:00,4393,30,79,,,,
2026-05-24T16:42:00+00:00,4394,30,79,,,,
2026-05-24T16:43:02+00:00,4395,30,79,,,,
2026-05-24T16:44:08+00:00,4396,30,79,,,,
2026-05-24T16:45:11+00:00,4397,30,79,,,,
2026-05-24T16:46:13+00:00,4398,30,79,,,,
2026-05-24T16:47:15+00:00,4399,30,79,,,,
2026-05-24T16:48:19+00:00,4400,30,79,,,,
2026-05-24T16:49:22+00:00,4401,30,79,,,,
2026-05-24T16:50:25+00:00,4402,30,79,,,,
2026-05-24T16:51:27+00:00,4403,30,79,,,,
2026-05-24T16:52:30+00:00,4404,30,79,,,,
2026-05-24T16:53:32+00:00,4405,30,79,,,,
2026-05-24T16:54:35+00:00,4406,30,79,,,,
2026-05-24T16:55:41+00:00,4407,30,79,,,,
2026-05-24T16:56:44+00:00,4408,30,79,,,,
2026-05-24T16:57:46+00:00,4409,30,79,,,,
2026-05-24T16:58:49+00:00,4410,30,79,,,,
2026-05-24T16:59:51+00:00,4411,30,79,,,,
2026-05-24T17:00:53+00:00,4412,30,79,,,,
2026-05-24T17:01:56+00:00,4413,30,80,,,,
2026-05-24T17:02:58+00:00,4414,30,80,,,,
2026-05-24T17:04:00+00:00,4415,30,80,,,,
2026-05-24T17:05:03+00:00,4416,30,80,,,,
2026-05-24T17:06:06+00:00,4417,30,80,,,,
2026-05-24T17:07:08+00:00,4418,30,80,,,,
2026-05-24T17:08:11+00:00,4419,30,80,,,,
2026-05-24T17:09:13+00:00,4420,30,80,,,,
2026-05-24T17:10:16+00:00,4421,30,80,,,,
2026-05-24T17:11:18+00:00,4422,30,80,,,,
2026-05-24T17:12:21+00:00,4423,30,80,,,,
2026-05-24T17:13:23+00:00,4424,30,80,,,,
2026-05-24T17:14:25+00:00,4425,30,80,,,,
2026-05-24T17:15:27+00:00,4426,30,80,,,,
2026-05-24T17:16:30+00:00,4427,30,80,,,,
2026-05-24T17:17:32+00:00,4428,30,80,,,,
2026-05-24T17:18:34+00:00,4429,30,80,,,,
2026-05-24T17:19:37+00:00,4430,30,80,,,,
2026-05-24T17:20:40+00:00,4431,30,80,,,,
2026-05-24T17:21:42+00:00,4432,30,80,,,,
2026-05-24T17:22:45+00:00,4433,30,80,,,,
2026-05-24T17:23:48+00:00,4434,30,80,,,,
2026-05-24T17:24:50+00:00,4435,30,80,,,,
2026-05-24T17:25:52+00:00,4436,30,80,,,,
2026-05-24T17:26:54+00:00,4437,30,80,,,,
2026-05-24T17:27:57+00:00,4438,30,80,,,,
2026-05-24T17:28:59+00:00,4439,30,80,,,,
2026-05-24T17:30:02+00:00,4440,30,80,,,,
2026-05-24T17:31:04+00:00,4441,30,80,,,,
2026-05-24T17:32:06+00:00,4442,30,80,,,,
2026-05-24T17:33:09+00:00,4443,30,80,,,,
2026-05-24T17:34:11+00:00,4444,30,80,,,,
2026-05-24T17:35:14+00:00,4445,30,80,,,,
2026-05-24T17:36:16+00:00,4446,30,80,,,,
2026-05-24T17:37:18+00:00,4447,30,80,,,,
2026-05-24T17:38:21+00:00,4448,30,80,,,,
2026-05-24T17:39:23+00:00,4449,30,80,,,,
2026-05-24T17:40:25+00:00,4450,30,80,,,,
2026-05-24T17:41:28+00:00,4451,30,80,,,,
2026-05-24T17:42:30+00:00,4452,30,80,,,,
2026-05-24T17:43:32+00:00,4453,30,80,,,,
2026-05-24T17:44:34+00:00,4454,30,80,,,,
2026-05-24T17:45:37+00:00,4455,30,80,,,,
2026-05-24T17:46:40+00:00,4456,30,80,,,,
2026-05-24T17:47:42+00:00,4457,30,80,,,,
2026-05-24T17:48:44+00:00,4458,30,80,,,,
2026-05-24T17:49:46+00:00,4459,30,80,,,,
2026-05-24T17:50:49+00:00,4460,30,80,,,,
2026-05-24T17:51:51+00:00,4461,30,80,,,,
2026-05-24T17:52:53+00:00,4462,30,80,,,,
2026-05-24T17:53:55+00:00,4463,30,80,,,,
2026-05-24T17:54:58+00:00,4464,30,80,,,,
2026-05-24T17:56:00+00:00,4465,30,80,,,,
2026-05-24T17:57:02+00:00,4466,30,80,,,,
2026-05-24T17:58:05+00:00,4467,30,80,,,,
2026-05-24T17:59:07+00:00,4468,30,80,,,,
2026-05-24T18:00:10+00:00,4469,30,80,,,,
2026-05-24T18:01:12+00:00,4470,30,80,,,,
2026-05-24T18:02:15+00:00,4471,30,80,,,,
2026-05-24T18:03:17+00:00,4472,30,80,,,,
2026-05-24T18:04:20+00:00,4473,30,80,,,,
2026-05-24T18:05:22+00:00,4474,30,80,,,,
2026-05-24T18:06:24+00:00,4475,30,80,,,,
2026-05-24T18:07:26+00:00,4476,30,80,,,,
2026-05-24T18:08:29+00:00,4477,30,80,,,,
2026-05-24T18:09:31+00:00,4478,30,80,,,,
2026-05-24T18:10:35+00:00,4479,30,80,,,,
2026-05-24T18:11:37+00:00,4480,30,80,,,,
2026-05-24T18:12:40+00:00,4481,30,80,,,,
2026-05-24T18:13:42+00:00,4482,30,80,,,,
2026-05-24T18:14:45+00:00,4483,30,80,,,,
2026-05-24T18:15:47+00:00,4484,30,80,,,,
2026-05-24T18:16:49+00:00,4485,30,80,,,,
2026-05-24T18:17:52+00:00,4486,30,81,,,,
2026-05-24T18:18:54+00:00,4487,30,81,,,,
2026-05-24T18:19:56+00:00,4488,30,81,,,,
2026-05-24T18:20:59+00:00,4489,30,81,,,,
2026-05-24T18:22:01+00:00,4490,30,81,,,,
2026-05-24T18:23:03+00:00,4491,30,81,,,,
2026-05-24T18:48:46+00:00,4492,30,80,,,,
2026-05-25T02:15:36+00:00,4493,29,93,,,,
2026-05-25T02:16:39+00:00,4494,29,92,,,,
2026-05-25T02:17:42+00:00,4495,29,93,,,,
2026-05-25T02:18:44+00:00,4496,29,93,,,,
2026-05-25T02:19:47+00:00,4497,29,93,,,,
2026-05-25T02:27:23+00:00,4498,29,89,,,,
2026-05-25T02:28:25+00:00,4499,29,89,,,,
2026-05-25T02:29:28+00:00,4500,29,91,,,,
2026-05-25T02:30:30+00:00,4501,29,91,,,,
2026-05-25T02:31:33+00:00,4502,29,91,,,,
2026-05-25T02:32:36+00:00,4503,29,91,,,,
2026-05-25T02:33:38+00:00,4504,29,91,,,,
2026-05-25T02:34:41+00:00,4505,29,90,,,,
2026-05-25T02:35:43+00:00,4506,29,90,,,,
2026-05-25T02:36:46+00:00,4507,29,90,,,,
2026-05-25T02:37:48+00:00,4508,29,90,,,,
2026-05-25T02:38:51+00:00,4509,29,90,,,,
2026-05-25T02:39:53+00:00,4510,29,89,,,,
2026-05-25T02:40:55+00:00,4511,29,89,,,,
2026-05-25T02:41:58+00:00,4512,29,89,,,,
2026-05-25T02:43:00+00:00,4513,29,89,,,,
2026-05-25T02:44:03+00:00,4514,29,89,,,,
2026-05-25T02:45:05+00:00,4515,29,89,,,,
2026-05-25T02:46:08+00:00,4516,29,89,,,,
2026-05-25T02:47:10+00:00,4517,29,88,,,,
2026-05-25T02:48:13+00:00,4518,29,88,,,,
2026-05-25T02:49:16+00:00,4519,29,88,,,,
2026-05-25T02:50:18+00:00,4520,29,88,,,,
2026-05-25T02:51:21+00:00,4521,29,88,,,,
2026-05-25T02:52:23+00:00,4522,29,88,,,,
2026-05-25T02:53:25+00:00,4523,29,88,,,,
2026-05-25T02:54:27+00:00,4524,29,88,,,,
2026-05-25T02:55:30+00:00,4525,29,88,,,,
2026-05-25T02:56:32+00:00,4526,29,88,,,,
2026-05-25T02:57:34+00:00,4527,29,88,,,,
2026-05-25T02:58:37+00:00,4528,29,87,,,,
2026-05-25T02:59:39+00:00,4529,29,87,,,,
2026-05-25T03:00:42+00:00,4530,29,87,,,,
2026-05-25T03:01:44+00:00,4531,29,87,,,,
2026-05-25T03:02:47+00:00,4532,29,87,,,,
2026-05-25T03:03:49+00:00,4533,29,87,,,,
2026-05-25T03:04:51+00:00,4534,29,87,,,,
2026-05-25T03:05:54+00:00,4535,29,87,,,,
2026-05-25T03:06:56+00:00,4536,29,87,,,,
2026-05-25T03:07:58+00:00,4537,29,87,,,,
2026-05-25T03:09:01+00:00,4538,29,87,,,,
2026-05-25T03:10:03+00:00,4539,29,87,,,,
2026-05-25T03:11:05+00:00,4540,29,87,,,,
2026-05-25T03:12:08+00:00,4541,29,87,,,,
2026-05-25T03:13:10+00:00,4542,29,87,,,,
2026-05-25T03:14:12+00:00,4543,29,87,,,,
2026-05-25T03:15:15+00:00,4544,29,87,,,,
2026-05-25T03:16:17+00:00,4545,29,87,,,,
2026-05-25T03:17:19+00:00,4546,29,87,,,,
2026-05-25T03:18:22+00:00,4547,29,87,,,,
2026-05-25T03:19:24+00:00,4548,29,87,,,,
2026-05-25T03:20:26+00:00,4549,29,87,,,,
2026-05-25T03:21:29+00:00,4550,29,87,,,,
2026-05-25T03:22:31+00:00,4551,29,87,,,,
2026-05-25T03:23:33+00:00,4552,29,87,,,,
2026-05-25T03:24:36+00:00,4553,29,87,,,,
2026-05-25T03:25:38+00:00,4554,29,86,,,,
2026-05-25T03:26:40+00:00,4555,29,86,,,,
2026-05-25T03:27:42+00:00,4556,29,86,,,,
2026-05-25T03:28:45+00:00,4557,29,86,,,,
2026-05-25T03:29:47+00:00,4558,29,86,,,,
2026-05-25T03:30:49+00:00,4559,29,86,,,,
2026-05-25T03:31:52+00:00,4560,29,86,,,,
2026-05-25T03:32:54+00:00,4561,29,86,,,,
2026-05-25T03:33:56+00:00,4562,29,86,,,,
2026-05-25T03:34:59+00:00,4563,29,86,,,,
2026-05-25T03:36:01+00:00,4564,29,86,,,,
2026-05-25T03:37:04+00:00,4565,29,87,,,,
2026-05-25T03:38:06+00:00,4566,29,86,,,,
2026-05-25T03:39:09+00:00,4567,29,86,,,,
2026-05-25T03:40:11+00:00,4568,29,86,,,,
2026-05-25T03:41:13+00:00,4569,29,86,,,,
2026-05-25T03:42:16+00:00,4570,29,86,,,,
2026-05-25T03:43:18+00:00,4571,29,86,,,,
2026-05-25T03:44:21+00:00,4572,29,86,,,,
2026-05-25T03:45:23+00:00,4573,29,86,,,,
2026-05-25T03:46:25+00:00,4574,29,86,,,,
2026-05-25T03:47:28+00:00,4575,29,86,,,,
2026-05-25T03:48:30+00:00,4576,29,87,,,,
2026-05-25T03:49:33+00:00,4577,29,87,,,,
2026-05-25T03:50:35+00:00,4578,29,87,,,,
2026-05-25T03:51:38+00:00,4579,29,87,,,,
2026-05-25T03:52:40+00:00,4580,29,87,,,,
2026-05-25T03:53:43+00:00,4581,29,87,,,,
2026-05-25T03:54:45+00:00,4582,29,87,,,,
2026-05-25T03:55:48+00:00,4583,29,87,,,,
2026-05-25T03:56:51+00:00,4584,29,87,,,,
2026-05-25T03:57:57+00:00,4585,29,87,,,,
2026-05-25T03:59:02+00:00,4586,29,87,,,,
2026-05-25T04:00:05+00:00,4587,29,87,,,,
2026-05-25T04:01:07+00:00,4588,29,87,,,,
2026-05-25T04:02:09+00:00,4589,29,87,,,,
2026-05-25T04:03:12+00:00,4590,29,87,,,,
2026-05-25T04:04:14+00:00,4591,29,87,,,,
2026-05-25T04:05:17+00:00,4592,29,87,,,,
2026-05-25T04:06:19+00:00,4593,29,87,,,,
2026-05-25T04:07:22+00:00,4594,29,87,,,,
2026-05-25T04:08:24+00:00,4595,29,87,,,,
2026-05-25T04:09:27+00:00,4596,29,87,,,,
2026-05-25T04:10:29+00:00,4597,29,87,,,,
2026-05-25T04:11:32+00:00,4598,29,87,,,,
2026-05-25T04:12:34+00:00,4599,29,87,,,,
2026-05-25T04:13:36+00:00,4600,29,87,,,,
2026-05-25T04:14:39+00:00,4601,29,87,,,,
2026-05-25T04:15:41+00:00,4602,29,87,,,,
2026-05-25T04:16:43+00:00,4603,29,87,,,,
2026-05-25T04:17:45+00:00,4604,29,87,,,,
2026-05-25T04:18:48+00:00,4605,29,87,,,,
2026-05-25T04:19:50+00:00,4606,29,87,,,,
2026-05-25T04:20:53+00:00,4607,29,87,,,,
2026-05-25T04:21:55+00:00,4608,29,87,,,,
2026-05-25T04:22:57+00:00,4609,29,87,,,,
2026-05-25T04:24:00+00:00,4610,29,87,,,,
2026-05-25T04:25:02+00:00,4611,29,87,,,,
2026-05-25T04:26:04+00:00,4612,29,87,,,,
2026-05-25T04:27:06+00:00,4613,29,87,,,,
2026-05-25T04:28:09+00:00,4614,29,87,,,,
2026-05-25T04:29:11+00:00,4615,29,87,,,,
2026-05-25T04:30:13+00:00,4616,29,87,,,,
2026-05-25T04:31:15+00:00,4617,29,87,,,,
2026-05-25T04:32:18+00:00,4618,29,87,,,,
2026-05-25T04:33:20+00:00,4619,29,87,,,,
2026-05-25T04:34:22+00:00,4620,29,87,,,,
2026-05-25T04:35:25+00:00,4621,29,87,,,,
2026-05-25T04:36:27+00:00,4622,29,87,,,,
2026-05-25T04:37:29+00:00,4623,29,87,,,,
2026-05-25T04:38:32+00:00,4624,29,87,,,,
2026-05-25T04:39:34+00:00,4625,29,87,,,,
2026-05-25T04:40:36+00:00,4626,29,87,,,,
2026-05-25T04:41:39+00:00,4627,29,87,,,,
2026-05-25T04:42:41+00:00,4628,29,87,,,,
2026-05-25T04:43:44+00:00,4629,29,87,,,,
2026-05-25T04:44:46+00:00,4630,29,87,,,,
2026-05-25T04:45:49+00:00,4631,29,87,,,,
2026-05-25T04:46:51+00:00,4632,29,87,,,,
2026-05-25T04:47:53+00:00,4633,29,87,,,,
2026-05-25T04:48:56+00:00,4634,29,87,,,,
2026-05-25T04:49:58+00:00,4635,29,87,,,,
2026-05-25T04:51:01+00:00,4636,29,87,,,,
2026-05-25T04:52:03+00:00,4637,29,87,,,,
2026-05-25T04:53:06+00:00,4638,29,87,,,,
2026-05-25T04:54:08+00:00,4639,29,87,,,,
2026-05-25T04:55:10+00:00,4640,29,87,,,,
2026-05-25T04:56:13+00:00,4641,29,87,,,,
2026-05-25T04:57:15+00:00,4642,29,87,,,,
2026-05-25T04:58:18+00:00,4643,29,87,,,,
2026-05-25T04:59:21+00:00,4644,30,87,,,,
2026-05-25T05:00:23+00:00,4645,30,87,,,,
2026-05-25T05:01:25+00:00,4646,30,87,,,,
2026-05-25T05:02:28+00:00,4647,30,87,,,,
2026-05-25T05:03:30+00:00,4648,30,87,,,,
2026-05-25T05:04:32+00:00,4649,29,87,,,,
2026-05-25T05:05:35+00:00,4650,30,87,,,,
2026-05-25T05:06:37+00:00,4651,30,87,,,,
2026-05-25T05:07:39+00:00,4652,30,87,,,,
2026-05-25T05:08:42+00:00,4653,30,87,,,,
2026-05-25T05:09:44+00:00,4654,30,87,,,,
2026-05-25T05:10:46+00:00,4655,30,87,,,,
2026-05-25T05:11:48+00:00,4656,30,87,,,,
2026-05-25T05:12:51+00:00,4657,30,87,,,,
2026-05-25T05:13:53+00:00,4658,30,87,,,,
2026-05-25T05:14:56+00:00,4659,30,87,,,,
2026-05-25T05:15:58+00:00,4660,30,87,,,,
2026-05-25T05:17:00+00:00,4661,30,87,,,,
2026-05-25T05:18:03+00:00,4662,30,87,,,,
2026-05-25T05:19:05+00:00,4663,30,87,,,,
2026-05-25T05:20:07+00:00,4664,30,87,,,,
2026-05-25T05:21:10+00:00,4665,30,87,,,,
2026-05-25T05:22:12+00:00,4666,30,87,,,,
2026-05-25T05:23:15+00:00,4667,30,87,,,,
2026-05-25T05:24:17+00:00,4668,30,87,,,,
2026-05-25T05:25:19+00:00,4669,30,87,,,,
2026-05-25T05:26:21+00:00,4670,30,87,,,,
2026-05-25T05:27:24+00:00,4671,30,87,,,,
2026-05-25T05:28:26+00:00,4672,30,87,,,,
2026-05-25T05:29:29+00:00,4673,30,87,,,,
2026-05-25T05:30:31+00:00,4674,30,87,,,,
2026-05-25T05:31:33+00:00,4675,30,87,,,,
2026-05-25T05:32:36+00:00,4676,30,87,,,,
2026-05-25T05:33:38+00:00,4677,30,87,,,,
2026-05-25T05:34:40+00:00,4678,30,87,,,,
2026-05-25T05:35:42+00:00,4679,30,87,,,,
2026-05-25T05:36:45+00:00,4680,30,87,,,,
2026-05-25T05:37:47+00:00,4681,30,87,,,,
2026-05-25T05:38:49+00:00,4682,30,87,,,,
2026-05-25T05:39:52+00:00,4683,30,87,,,,
2026-05-25T05:40:54+00:00,4684,30,87,,,,
2026-05-25T05:41:57+00:00,4685,30,87,,,,
2026-05-25T05:42:59+00:00,4686,30,87,,,,
2026-05-25T05:44:02+00:00,4687,30,87,,,,
2026-05-25T05:45:04+00:00,4688,30,87,,,,
2026-05-25T05:46:06+00:00,4689,30,87,,,,
2026-05-25T05:47:09+00:00,4690,30,87,,,,
2026-05-25T05:48:11+00:00,4691,30,87,,,,
2026-05-25T05:49:13+00:00,4692,30,87,,,,
2026-05-25T05:50:16+00:00,4693,30,87,,,,
2026-05-25T05:51:18+00:00,4694,30,87,,,,
2026-05-25T05:52:20+00:00,4695,30,87,,,,
2026-05-25T05:53:23+00:00,4696,30,87,,,,
2026-05-25T05:54:25+00:00,4697,30,86,,,,
2026-05-25T05:55:27+00:00,4698,30,86,,,,
2026-05-25T05:56:30+00:00,4699,30,86,,,,
2026-05-25T05:57:32+00:00,4700,30,86,,,,
2026-05-25T05:58:34+00:00,4701,30,86,,,,
2026-05-25T05:59:37+00:00,4702,30,86,,,,
2026-05-25T06:00:39+00:00,4703,30,87,,,,
2026-05-25T06:01:41+00:00,4704,30,86,,,,
2026-05-25T06:02:44+00:00,4705,30,87,,,,
2026-05-25T06:03:46+00:00,4706,30,87,,,,
2026-05-25T06:04:48+00:00,4707,30,87,,,,
2026-05-25T06:05:53+00:00,4708,30,87,,,,
2026-05-25T06:06:55+00:00,4709,30,86,,,,
2026-05-25T06:07:57+00:00,4710,30,86,,,,
2026-05-25T06:09:04+00:00,4711,30,86,,,,
2026-05-25T06:10:07+00:00,4712,30,86,,,,
2026-05-25T06:11:11+00:00,4713,30,86,,,,
2026-05-25T06:12:13+00:00,4714,30,86,,,,
2026-05-25T06:13:16+00:00,4715,30,86,,,,
2026-05-25T06:14:18+00:00,4716,30,86,,,,
2026-05-25T06:15:20+00:00,4717,30,86,,,,
2026-05-25T06:16:23+00:00,4718,30,86,,,,
2026-05-25T06:17:25+00:00,4719,30,86,,,,
2026-05-25T06:18:27+00:00,4720,30,86,,,,
2026-05-25T06:19:29+00:00,4721,30,86,,,,
2026-05-25T06:21:39+00:00,4722,30,86,,,,
2026-05-25T06:22:41+00:00,4723,30,86,,,,
2026-05-25T06:23:44+00:00,4724,30,86,,,,
2026-05-25T06:24:47+00:00,4725,30,86,,,,
2026-05-25T06:25:49+00:00,4726,30,86,,,,
2026-05-25T06:26:52+00:00,4727,30,86,,,,
2026-05-25T06:27:54+00:00,4728,30,86,,,,
2026-05-25T06:29:00+00:00,4729,30,86,,,,
2026-05-25T06:30:02+00:00,4730,30,86,,,,
2026-05-25T06:31:05+00:00,4731,30,86,,,,
2026-05-25T06:32:07+00:00,4732,30,86,,,,
2026-05-25T06:33:24+00:00,4733,30,85,,,,
2026-05-25T06:34:27+00:00,4734,30,85,,,,
2026-05-25T06:35:29+00:00,4735,30,85,,,,
2026-05-25T06:36:31+00:00,4736,30,85,,,,
2026-05-25T06:37:33+00:00,4737,30,85,,,,
2026-05-25T06:38:48+00:00,4738,30,85,,,,
2026-05-25T06:39:51+00:00,4739,30,85,,,,
2026-05-25T06:40:53+00:00,4740,30,85,,,,
2026-05-25T06:43:13+00:00,4741,30,85,,,,
2026-05-25T06:44:16+00:00,4742,30,85,,,,
2026-05-25T06:45:18+00:00,4743,30,85,,,,
2026-05-25T06:46:22+00:00,4744,30,85,,,,
2026-05-25T06:47:26+00:00,4745,30,85,,,,
2026-05-25T06:48:29+00:00,4746,30,85,,,,
2026-05-25T06:49:31+00:00,4747,30,84,,,,
2026-05-25T06:50:33+00:00,4748,30,84,,,,
2026-05-25T06:51:36+00:00,4749,30,84,,,,
2026-05-25T06:52:43+00:00,4750,30,84,,,,
2026-05-25T06:53:48+00:00,4751,30,83,,,,
2026-05-25T06:54:50+00:00,4752,30,83,,,,
2026-05-25T06:55:53+00:00,4753,30,83,,,,
2026-05-25T06:56:55+00:00,4754,30,83,,,,
2026-05-25T06:57:57+00:00,4755,30,83,,,,
2026-05-25T06:59:00+00:00,4756,30,82,,,,
2026-05-25T07:00:02+00:00,4757,30,82,,,,
2026-05-25T07:01:05+00:00,4758,30,82,,,,
2026-05-25T07:02:08+00:00,4759,30,82,,,,
2026-05-25T07:03:13+00:00,4760,30,82,,,,
2026-05-25T07:04:16+00:00,4761,30,82,,,,
2026-05-25T07:05:19+00:00,4762,30,82,,,,
2026-05-25T07:06:21+00:00,4763,30,82,,,,
2026-05-25T07:07:24+00:00,4764,30,82,,,,
2026-05-25T07:08:28+00:00,4765,30,82,,,,
2026-05-25T07:09:30+00:00,4766,30,81,,,,
2026-05-25T07:10:33+00:00,4767,30,81,,,,
2026-05-25T07:11:37+00:00,4768,30,80,,,,
2026-05-25T07:12:39+00:00,4769,30,80,,,,
2026-05-25T07:13:41+00:00,4770,30,79,,,,
2026-05-25T07:15:30+00:00,4771,30,78,,,,
2026-05-25T07:16:33+00:00,4772,30,78,,,,
2026-05-25T07:17:35+00:00,4773,30,77,,,,
2026-05-25T07:18:39+00:00,4774,30,77,,,,
2026-05-25T07:19:41+00:00,4775,30,77,,,,
2026-05-25T07:20:47+00:00,4776,30,77,,,,
2026-05-25T07:21:50+00:00,4777,30,76,,,,
2026-05-25T07:22:52+00:00,4778,30,76,,,,
2026-05-25T07:23:59+00:00,4779,30,76,,,,
2026-05-25T07:25:02+00:00,4780,30,76,,,,
2026-05-25T07:26:05+00:00,4781,30,77,,,,
2026-05-25T07:27:12+00:00,4782,30,77,,,,
2026-05-25T07:28:14+00:00,4783,30,77,,,,
2026-05-25T07:29:17+00:00,4784,30,77,,,,
2026-05-25T07:30:19+00:00,4785,30,77,,,,
2026-05-25T07:31:22+00:00,4786,30,77,,,,
2026-05-25T07:32:24+00:00,4787,30,77,,,,
2026-05-25T07:33:26+00:00,4788,30,77,,,,
2026-05-25T07:34:29+00:00,4789,30,77,,,,
2026-05-25T07:35:31+00:00,4790,30,78,,,,
2026-05-25T07:36:34+00:00,4791,30,78,,,,
2026-05-25T07:37:36+00:00,4792,30,78,,,,
2026-05-25T07:38:38+00:00,4793,30,78,,,,
2026-05-25T07:39:41+00:00,4794,30,77,,,,
2026-05-25T07:40:43+00:00,4795,30,77,,,,
2026-05-25T07:41:46+00:00,4796,30,77,,,,
2026-05-25T07:42:49+00:00,4797,30,78,,,,
2026-05-25T07:43:54+00:00,4798,30,78,,,,
2026-05-25T07:44:56+00:00,4799,30,78,,,,
2026-05-25T07:45:59+00:00,4800,30,78,,,,
2026-05-25T07:47:01+00:00,4801,30,78,,,,
2026-05-25T07:48:04+00:00,4802,30,78,,,,
2026-05-25T07:49:07+00:00,4803,31,78,,,,
2026-05-25T07:50:09+00:00,4804,31,78,,,,
2026-05-25T07:51:11+00:00,4805,31,78,,,,
2026-05-25T07:52:14+00:00,4806,31,78,,,,
2026-05-25T07:53:17+00:00,4807,31,78,,,,
2026-05-25T07:54:19+00:00,4808,31,78,,,,
2026-05-25T07:55:22+00:00,4809,31,78,,,,
2026-05-25T07:56:34+00:00,4810,31,77,,,,
2026-05-25T07:57:37+00:00,4811,31,77,,,,
2026-05-25T07:58:40+00:00,4812,31,77,,,,
2026-05-25T08:00:00+00:00,4813,31,77,,,,
2026-05-25T08:01:02+00:00,4814,31,77,,,,
2026-05-25T08:02:05+00:00,4815,31,77,,,,
2026-05-25T08:03:07+00:00,4816,31,77,,,,
2026-05-25T08:05:17+00:00,4817,31,77,,,,
2026-05-25T08:06:20+00:00,4818,31,77,,,,
2026-05-25T08:08:29+00:00,4819,31,77,,,,
2026-05-25T08:09:32+00:00,4820,31,77,,,,
2026-05-25T08:10:34+00:00,4821,31,77,,,,
2026-05-25T08:11:39+00:00,4822,31,77,,,,
2026-05-25T08:12:41+00:00,4823,31,77,,,,
2026-05-25T08:13:44+00:00,4824,31,77,,,,
2026-05-25T08:14:46+00:00,4825,31,77,,,,
2026-05-25T08:15:49+00:00,4826,31,77,,,,
2026-05-25T08:16:51+00:00,4827,31,77,,,,
2026-05-25T08:17:53+00:00,4828,31,78,,,,
2026-05-25T08:18:56+00:00,4829,31,78,,,,
2026-05-25T08:19:58+00:00,4830,31,77,,,,
2026-05-25T08:21:00+00:00,4831,31,77,,,,
2026-05-25T08:22:03+00:00,4832,31,77,,,,
2026-05-25T08:23:05+00:00,4833,31,77,,,,
2026-05-25T08:24:08+00:00,4834,31,77,,,,
2026-05-25T08:25:10+00:00,4835,31,77,,,,
2026-05-25T08:26:12+00:00,4836,31,77,,,,
2026-05-25T08:27:15+00:00,4837,31,76,,,,
2026-05-25T08:28:17+00:00,4838,31,76,,,,
2026-05-25T08:29:20+00:00,4839,31,76,,,,
2026-05-25T08:30:22+00:00,4840,31,76,,,,
2026-05-25T08:31:24+00:00,4841,31,76,,,,
2026-05-25T08:32:27+00:00,4842,31,77,,,,
2026-05-25T08:33:29+00:00,4843,31,77,,,,
2026-05-25T08:34:32+00:00,4844,31,77,,,,
2026-05-25T08:35:34+00:00,4845,31,77,,,,
2026-05-25T08:36:37+00:00,4846,31,77,,,,
2026-05-25T08:37:39+00:00,4847,31,77,,,,
2026-05-25T08:38:41+00:00,4848,31,77,,,,
2026-05-25T08:39:44+00:00,4849,31,77,,,,
2026-05-25T08:40:57+00:00,4850,31,77,,,,
2026-05-25T08:42:00+00:00,4851,31,77,,,,
2026-05-25T08:43:03+00:00,4852,31,77,,,,
2026-05-25T08:44:05+00:00,4853,31,77,,,,
2026-05-25T08:45:07+00:00,4854,31,77,,,,
2026-05-25T08:46:13+00:00,4855,31,77,,,,
2026-05-25T08:47:16+00:00,4856,31,77,,,,
2026-05-25T08:48:19+00:00,4857,31,77,,,,
2026-05-25T08:49:22+00:00,4858,31,77,,,,
2026-05-25T08:50:24+00:00,4859,31,77,,,,
2026-05-25T08:51:27+00:00,4860,31,77,,,,
2026-05-25T08:52:29+00:00,4861,31,77,,,,
2026-05-25T08:53:32+00:00,4862,31,77,,,,
2026-05-25T08:54:34+00:00,4863,31,77,,,,
2026-05-25T08:55:37+00:00,4864,31,77,,,,
2026-05-25T08:56:39+00:00,4865,31,77,,,,
2026-05-25T08:57:42+00:00,4866,31,77,,,,
2026-05-25T08:58:48+00:00,4867,31,76,,,,
2026-05-25T08:59:55+00:00,4868,31,76,,,,
2026-05-25T09:00:57+00:00,4869,31,76,,,,
2026-05-25T09:02:00+00:00,4870,31,76,,,,
2026-05-25T09:03:02+00:00,4871,31,76,,,,
2026-05-25T09:04:06+00:00,4872,31,76,,,,
2026-05-25T09:05:08+00:00,4873,31,76,,,,
2026-05-25T09:06:10+00:00,4874,31,76,,,,
2026-05-25T09:08:20+00:00,4875,31,76,,,,
2026-05-25T09:09:23+00:00,4876,31,76,,,,
2026-05-25T09:10:25+00:00,4877,31,76,,,,
2026-05-25T09:11:27+00:00,4878,32,76,,,,
2026-05-25T09:12:31+00:00,4879,32,76,,,,
2026-05-25T09:13:33+00:00,4880,32,76,,,,
2026-05-25T09:14:35+00:00,4881,32,76,,,,
2026-05-25T09:15:38+00:00,4882,32,76,,,,
2026-05-25T09:16:52+00:00,4883,32,76,,,,
2026-05-25T09:17:55+00:00,4884,32,76,,,,
2026-05-25T09:18:57+00:00,4885,32,76,,,,
2026-05-25T09:19:59+00:00,4886,32,75,,,,
2026-05-25T09:21:02+00:00,4887,32,75,,,,
2026-05-25T09:22:04+00:00,4888,32,75,,,,
2026-05-25T09:23:07+00:00,4889,32,75,,,,
2026-05-25T09:24:09+00:00,4890,32,75,,,,
2026-05-25T09:25:12+00:00,4891,32,75,,,,
2026-05-25T09:26:14+00:00,4892,32,75,,,,
2026-05-25T09:27:17+00:00,4893,32,75,,,,
2026-05-25T09:28:20+00:00,4894,32,75,,,,
2026-05-25T09:29:22+00:00,4895,32,75,,,,
2026-05-25T09:30:24+00:00,4896,32,75,,,,
2026-05-25T09:31:42+00:00,4897,32,75,,,,
2026-05-25T09:32:44+00:00,4898,32,75,,,,
2026-05-25T09:33:47+00:00,4899,32,75,,,,
2026-05-25T09:34:49+00:00,4900,32,75,,,,
2026-05-25T09:35:52+00:00,4901,32,75,,,,
2026-05-25T09:36:54+00:00,4902,32,75,,,,
2026-05-25T09:37:57+00:00,4903,32,74,,,,
2026-05-25T09:40:06+00:00,4904,32,74,,,,
2026-05-25T09:41:09+00:00,4905,32,74,,,,
2026-05-25T09:42:11+00:00,4906,32,74,,,,
2026-05-25T09:43:18+00:00,4907,32,74,,,,
2026-05-25T09:44:20+00:00,4908,32,74,,,,
2026-05-25T09:45:23+00:00,4909,32,74,,,,
2026-05-25T09:46:25+00:00,4910,32,74,,,,
2026-05-25T09:47:28+00:00,4911,32,74,,,,
2026-05-25T09:48:31+00:00,4912,32,74,,,,
2026-05-25T09:49:34+00:00,4913,32,74,,,,
2026-05-25T09:50:37+00:00,4914,32,74,,,,
2026-05-25T09:51:39+00:00,4915,32,74,,,,
2026-05-25T09:52:43+00:00,4916,32,74,,,,
2026-05-25T09:53:45+00:00,4917,32,74,,,,
2026-05-25T09:54:48+00:00,4918,32,74,,,,
2026-05-25T09:55:50+00:00,4919,32,74,,,,
2026-05-25T09:58:00+00:00,4920,32,74,,,,
2026-05-25T09:59:02+00:00,4921,32,74,,,,
2026-05-25T10:00:07+00:00,4922,32,74,,,,
2026-05-25T10:01:20+00:00,4923,32,74,,,,
2026-05-25T10:02:33+00:00,4924,32,74,,,,
2026-05-25T10:03:35+00:00,4925,32,75,,,,
2026-05-25T10:04:37+00:00,4926,32,74,,,,
2026-05-25T10:05:40+00:00,4927,32,75,,,,
2026-05-25T10:06:42+00:00,4928,32,75,,,,
2026-05-25T10:07:48+00:00,4929,32,75,,,,
2026-05-25T10:08:50+00:00,4930,32,75,,,,
2026-05-25T10:09:52+00:00,4931,32,75,,,,
2026-05-25T10:10:55+00:00,4932,32,75,,,,
2026-05-25T10:11:58+00:00,4933,32,75,,,,
2026-05-25T10:13:00+00:00,4934,32,74,,,,
2026-05-25T10:14:02+00:00,4935,32,74,,,,
2026-05-25T10:15:05+00:00,4936,32,74,,,,
2026-05-25T10:16:07+00:00,4937,32,74,,,,
2026-05-25T10:17:10+00:00,4938,32,74,,,,
2026-05-25T10:18:14+00:00,4939,32,74,,,,
2026-05-25T10:19:16+00:00,4940,32,74,,,,
2026-05-25T10:20:19+00:00,4941,32,74,,,,
2026-05-25T10:21:21+00:00,4942,32,74,,,,
2026-05-25T10:22:26+00:00,4943,32,74,,,,
2026-05-25T10:23:32+00:00,4944,32,74,,,,
2026-05-25T10:24:35+00:00,4945,32,74,,,,
2026-05-25T10:25:48+00:00,4946,32,74,,,,
2026-05-25T10:26:51+00:00,4947,32,74,,,,
2026-05-25T10:27:54+00:00,4948,32,74,,,,
2026-05-25T10:28:56+00:00,4949,32,73,,,,
2026-05-25T10:30:13+00:00,4950,32,73,,,,
2026-05-25T10:31:16+00:00,4951,32,73,,,,
2026-05-25T10:32:18+00:00,4952,32,73,,,,
2026-05-25T10:33:20+00:00,4953,32,73,,,,
2026-05-25T10:34:25+00:00,4954,32,73,,,,
2026-05-25T10:35:27+00:00,4955,32,73,,,,
2026-05-25T10:36:30+00:00,4956,32,73,,,,
2026-05-25T10:37:32+00:00,4957,32,73,,,,
2026-05-25T10:38:44+00:00,4958,32,73,,,,
2026-05-25T10:39:47+00:00,4959,32,73,,,,
2026-05-25T10:40:49+00:00,4960,32,73,,,,
2026-05-25T10:41:51+00:00,4961,32,73,,,,
2026-05-25T10:44:01+00:00,4962,32,72,,,,
2026-05-25T10:45:03+00:00,4963,32,72,,,,
2026-05-25T10:46:05+00:00,4964,32,72,,,,
2026-05-25T10:47:08+00:00,4965,32,72,,,,
2026-05-25T10:48:12+00:00,4966,32,72,,,,
2026-05-25T10:49:14+00:00,4967,32,72,,,,
2026-05-25T10:50:17+00:00,4968,32,72,,,,
2026-05-25T10:51:19+00:00,4969,32,72,,,,
2026-05-25T10:52:27+00:00,4970,32,72,,,,
2026-05-25T10:53:29+00:00,4971,32,72,,,,
2026-05-25T10:54:31+00:00,4972,32,71,,,,
2026-05-25T10:55:33+00:00,4973,32,71,,,,
2026-05-25T10:56:36+00:00,4974,32,71,,,,
2026-05-25T10:57:40+00:00,4975,32,71,,,,
2026-05-25T10:58:43+00:00,4976,32,71,,,,
2026-05-25T10:59:45+00:00,4977,32,71,,,,
2026-05-25T11:00:48+00:00,4978,32,71,,,,
2026-05-25T11:02:00+00:00,4979,32,71,,,,
2026-05-25T11:03:03+00:00,4980,32,71,,,,
2026-05-25T11:04:05+00:00,4981,32,71,,,,
2026-05-25T11:05:08+00:00,4982,32,71,,,,
2026-05-25T11:07:17+00:00,4983,32,71,,,,
2026-05-25T11:08:20+00:00,4984,32,71,,,,
2026-05-25T11:09:22+00:00,4985,32,71,,,,
2026-05-25T11:10:29+00:00,4986,32,71,,,,
2026-05-25T11:11:31+00:00,4987,32,71,,,,
2026-05-25T11:12:34+00:00,4988,32,72,,,,
2026-05-25T11:13:36+00:00,4989,32,71,,,,
2026-05-25T11:15:46+00:00,4990,32,72,,,,
2026-05-25T11:16:49+00:00,4991,32,72,,,,
2026-05-25T11:17:51+00:00,4992,32,72,,,,
2026-05-25T11:18:54+00:00,4993,32,72,,,,
2026-05-25T11:19:56+00:00,4994,32,72,,,,
2026-05-25T11:20:59+00:00,4995,32,72,,,,
2026-05-25T11:22:01+00:00,4996,32,71,,,,
2026-05-25T11:23:03+00:00,4997,32,71,,,,
2026-05-25T11:24:08+00:00,4998,32,71,,,,
2026-05-25T11:25:10+00:00,4999,32,71,,,,
2026-05-25T11:26:12+00:00,5000,32,71,,,,
2026-05-25T11:27:15+00:00,5001,32,71,,,,
2026-05-25T11:28:17+00:00,5002,32,71,,,,
2026-05-25T11:29:19+00:00,5003,32,71,,,,
2026-05-25T11:30:22+00:00,5004,32,71,,,,
2026-05-25T11:32:31+00:00,5005,32,71,,,,
2026-05-25T11:33:34+00:00,5006,32,71,,,,
2026-05-25T11:34:36+00:00,5007,32,71,,,,
2026-05-25T11:35:39+00:00,5008,32,71,,,,
2026-05-25T11:36:45+00:00,5009,32,71,,,,
2026-05-25T11:37:48+00:00,5010,32,71,,,,
2026-05-25T11:38:50+00:00,5011,32,71,,,,
2026-05-25T11:39:53+00:00,5012,32,71,,,,
2026-05-25T11:40:55+00:00,5013,32,71,,,,
2026-05-25T11:41:57+00:00,5014,32,71,,,,
2026-05-25T11:42:59+00:00,5015,32,71,,,,
2026-05-25T11:44:02+00:00,5016,32,71,,,,
2026-05-25T11:45:08+00:00,5017,32,71,,,,
2026-05-25T11:46:11+00:00,5018,32,71,,,,
2026-05-25T11:47:13+00:00,5019,32,71,,,,
2026-05-25T11:48:18+00:00,5020,32,71,,,,
2026-05-25T11:49:20+00:00,5021,32,71,,,,
2026-05-25T11:50:23+00:00,5022,32,71,,,,
2026-05-25T11:51:25+00:00,5023,32,71,,,,
2026-05-25T11:52:27+00:00,5024,32,71,,,,
2026-05-25T11:53:39+00:00,5025,32,71,,,,
2026-05-25T11:54:42+00:00,5026,32,71,,,,
2026-05-25T11:55:44+00:00,5027,32,71,,,,
2026-05-25T11:56:47+00:00,5028,32,71,,,,
2026-05-25T11:57:49+00:00,5029,32,71,,,,
2026-05-25T11:58:52+00:00,5030,32,71,,,,
2026-05-25T11:59:56+00:00,5031,32,71,,,,
2026-05-25T12:00:58+00:00,5032,32,71,,,,
2026-05-25T12:02:00+00:00,5033,32,71,,,,
2026-05-25T12:03:07+00:00,5034,32,71,,,,
2026-05-25T12:04:09+00:00,5035,32,71,,,,
2026-05-25T12:05:12+00:00,5036,32,71,,,,
2026-05-25T12:06:14+00:00,5037,32,71,,,,
2026-05-25T12:07:19+00:00,5038,32,71,,,,
2026-05-25T12:08:22+00:00,5039,32,71,,,,
2026-05-25T12:09:24+00:00,5040,32,72,,,,
2026-05-25T12:10:27+00:00,5041,32,72,,,,
2026-05-25T12:11:29+00:00,5042,32,71,,,,
2026-05-25T12:12:31+00:00,5043,32,71,,,,
2026-05-25T12:13:33+00:00,5044,32,71,,,,
2026-05-25T12:14:36+00:00,5045,32,71,,,,
2026-05-25T12:15:42+00:00,5046,32,71,,,,
2026-05-25T12:16:44+00:00,5047,32,71,,,,
2026-05-25T12:17:47+00:00,5048,32,71,,,,
2026-05-25T12:18:50+00:00,5049,32,71,,,,
2026-05-25T12:19:52+00:00,5050,32,71,,,,
2026-05-25T12:20:55+00:00,5051,32,71,,,,
2026-05-25T12:21:57+00:00,5052,32,71,,,,
2026-05-25T12:22:59+00:00,5053,32,71,,,,
2026-05-25T12:24:02+00:00,5054,32,71,,,,
2026-05-25T12:25:04+00:00,5055,32,71,,,,
2026-05-25T12:26:13+00:00,5056,32,71,,,,
2026-05-25T12:27:15+00:00,5057,32,71,,,,
2026-05-25T12:28:18+00:00,5058,32,71,,,,
2026-05-25T12:29:20+00:00,5059,32,71,,,,
2026-05-25T12:30:31+00:00,5060,32,71,,,,
2026-05-25T12:31:34+00:00,5061,32,72,,,,
2026-05-25T12:32:36+00:00,5062,32,72,,,,
2026-05-25T12:33:38+00:00,5063,32,71,,,,
2026-05-25T12:34:41+00:00,5064,32,71,,,,
2026-05-25T12:35:43+00:00,5065,32,71,,,,
2026-05-25T12:36:45+00:00,5066,32,71,,,,
2026-05-25T12:37:47+00:00,5067,32,71,,,,
2026-05-25T12:38:50+00:00,5068,32,71,,,,
2026-05-25T12:39:54+00:00,5069,32,72,,,,
2026-05-25T12:40:57+00:00,5070,32,72,,,,
2026-05-25T12:42:00+00:00,5071,32,72,,,,
2026-05-25T12:43:02+00:00,5072,32,72,,,,
2026-05-25T12:44:04+00:00,5073,32,72,,,,
2026-05-25T12:45:11+00:00,5074,32,72,,,,
2026-05-25T12:46:13+00:00,5075,32,72,,,,
2026-05-25T12:47:16+00:00,5076,32,72,,,,
2026-05-25T12:48:18+00:00,5077,32,72,,,,
2026-05-25T12:49:24+00:00,5078,32,72,,,,
2026-05-25T12:50:27+00:00,5079,32,72,,,,
2026-05-25T12:51:29+00:00,5080,32,72,,,,
2026-05-25T12:52:36+00:00,5081,32,72,,,,
2026-05-25T12:53:38+00:00,5082,32,72,,,,
2026-05-25T12:54:41+00:00,5083,32,72,,,,
2026-05-25T12:55:43+00:00,5084,32,72,,,,
2026-05-25T12:56:45+00:00,5085,32,72,,,,
2026-05-25T12:57:51+00:00,5086,32,72,,,,
2026-05-25T12:58:54+00:00,5087,32,72,,,,
2026-05-25T12:59:56+00:00,5088,32,72,,,,
2026-05-25T13:00:58+00:00,5089,32,72,,,,
2026-05-25T13:03:08+00:00,5090,32,72,,,,
2026-05-25T13:04:10+00:00,5091,32,72,,,,
2026-05-25T13:05:13+00:00,5092,32,72,,,,
2026-05-25T13:06:15+00:00,5093,32,72,,,,
2026-05-25T13:07:19+00:00,5094,32,72,,,,
2026-05-25T13:08:21+00:00,5095,32,72,,,,
2026-05-25T13:09:23+00:00,5096,32,73,,,,
2026-05-25T13:10:26+00:00,5097,32,73,,,,
2026-05-25T13:11:28+00:00,5098,32,73,,,,
2026-05-25T13:12:31+00:00,5099,32,73,,,,
2026-05-25T13:13:33+00:00,5100,32,73,,,,
2026-05-25T13:14:36+00:00,5101,32,73,,,,
2026-05-25T13:15:38+00:00,5102,32,73,,,,
2026-05-25T13:17:48+00:00,5103,32,73,,,,
2026-05-25T13:18:50+00:00,5104,32,73,,,,
2026-05-25T13:20:00+00:00,5105,32,73,,,,
2026-05-25T13:21:03+00:00,5106,32,73,,,,
2026-05-25T13:22:05+00:00,5107,32,73,,,,
2026-05-25T13:23:07+00:00,5108,32,73,,,,
2026-05-25T13:24:10+00:00,5109,32,73,,,,
2026-05-25T13:25:12+00:00,5110,32,73,,,,
2026-05-25T13:26:14+00:00,5111,32,73,,,,
2026-05-25T13:27:17+00:00,5112,32,73,,,,
2026-05-25T13:28:19+00:00,5113,32,73,,,,
2026-05-25T13:29:22+00:00,5114,32,73,,,,
2026-05-25T13:30:24+00:00,5115,32,73,,,,
2026-05-25T13:31:31+00:00,5116,32,73,,,,
2026-05-25T13:32:38+00:00,5117,32,73,,,,
2026-05-25T13:33:40+00:00,5118,32,73,,,,
2026-05-25T13:34:43+00:00,5119,32,73,,,,
2026-05-25T13:35:46+00:00,5120,32,73,,,,
2026-05-25T13:36:48+00:00,5121,32,73,,,,
2026-05-25T13:37:51+00:00,5122,32,73,,,,
2026-05-25T13:38:53+00:00,5123,32,73,,,,
2026-05-25T13:39:55+00:00,5124,32,73,,,,
2026-05-25T13:40:57+00:00,5125,32,73,,,,
2026-05-25T13:42:00+00:00,5126,32,73,,,,
2026-05-25T13:43:02+00:00,5127,32,73,,,,
2026-05-25T13:44:05+00:00,5128,32,73,,,,
2026-05-25T13:45:07+00:00,5129,32,74,,,,
2026-05-25T13:46:10+00:00,5130,32,74,,,,
2026-05-25T13:47:12+00:00,5131,32,74,,,,
2026-05-25T13:48:15+00:00,5132,32,74,,,,
2026-05-25T13:49:17+00:00,5133,32,74,,,,
2026-05-25T13:50:19+00:00,5134,32,74,,,,
2026-05-25T13:51:22+00:00,5135,32,74,,,,
2026-05-25T13:52:24+00:00,5136,32,74,,,,
2026-05-25T13:53:27+00:00,5137,32,75,,,,
2026-05-25T13:54:33+00:00,5138,32,75,,,,
2026-05-25T13:55:36+00:00,5139,32,74,,,,
2026-05-25T13:56:38+00:00,5140,32,74,,,,
2026-05-25T13:57:41+00:00,5141,32,74,,,,
2026-05-25T13:58:51+00:00,5142,32,75,,,,
2026-05-25T13:59:53+00:00,5143,32,75,,,,
2026-05-25T14:00:57+00:00,5144,32,75,,,,
2026-05-25T14:03:06+00:00,5145,31,75,,,,
2026-05-25T14:04:08+00:00,5146,31,75,,,,
2026-05-25T14:05:11+00:00,5147,31,75,,,,
2026-05-25T14:06:13+00:00,5148,31,76,,,,
2026-05-25T14:07:16+00:00,5149,31,76,,,,
2026-05-25T14:08:18+00:00,5150,31,76,,,,
2026-05-25T14:09:20+00:00,5151,31,77,,,,
2026-05-25T14:10:25+00:00,5152,31,77,,,,
2026-05-25T14:11:27+00:00,5153,31,76,,,,
2026-05-25T14:12:30+00:00,5154,32,76,,,,
2026-05-25T14:13:32+00:00,5155,32,75,,,,
2026-05-25T14:14:39+00:00,5156,32,75,,,,
2026-05-25T14:15:41+00:00,5157,32,75,,,,
2026-05-25T14:16:43+00:00,5158,32,74,,,,
2026-05-25T14:17:46+00:00,5159,32,74,,,,
2026-05-25T14:18:48+00:00,5160,32,74,,,,
2026-05-25T14:20:58+00:00,5161,32,74,,,,
2026-05-25T14:22:00+00:00,5162,32,74,,,,
2026-05-25T14:23:07+00:00,5163,32,74,,,,
2026-05-25T14:24:10+00:00,5164,31,75,,,,
2026-05-25T14:25:12+00:00,5165,31,76,,,,
2026-05-25T14:26:14+00:00,5166,31,76,,,,
2026-05-25T14:27:20+00:00,5167,31,77,,,,
2026-05-25T14:28:22+00:00,5168,31,77,,,,
2026-05-25T14:29:25+00:00,5169,31,77,,,,
2026-05-25T14:30:27+00:00,5170,31,78,,,,
2026-05-25T14:32:37+00:00,5171,31,78,,,,
2026-05-25T14:33:39+00:00,5172,31,78,,,,
2026-05-25T14:34:44+00:00,5173,31,78,,,,
2026-05-25T14:35:46+00:00,5174,31,77,,,,
2026-05-25T14:36:58+00:00,5175,31,76,,,,
2026-05-25T14:38:01+00:00,5176,31,76,,,,
2026-05-25T14:39:03+00:00,5177,32,75,,,,
2026-05-25T14:40:05+00:00,5178,32,75,,,,
2026-05-25T14:41:08+00:00,5179,32,75,,,,
2026-05-25T14:42:26+00:00,5180,32,75,,,,
2026-05-25T14:43:29+00:00,5181,32,75,,,,
2026-05-25T14:44:31+00:00,5182,32,75,,,,
2026-05-25T14:45:34+00:00,5183,31,76,,,,
2026-05-25T14:46:48+00:00,5184,31,76,,,,
2026-05-25T14:47:50+00:00,5185,31,76,,,,
2026-05-25T14:48:52+00:00,5186,32,75,,,,
2026-05-25T14:49:55+00:00,5187,32,75,,,,
2026-05-25T14:51:00+00:00,5188,32,75,,,,
2026-05-25T14:52:07+00:00,5189,32,75,,,,
2026-05-25T14:53:09+00:00,5190,32,75,,,,
2026-05-25T14:54:12+00:00,5191,32,75,,,,
2026-05-25T14:55:14+00:00,5192,32,75,,,,
2026-05-25T14:56:16+00:00,5193,32,75,,,,
2026-05-25T14:57:19+00:00,5194,32,75,,,,
2026-05-25T14:58:21+00:00,5195,32,75,,,,
2026-05-25T14:59:24+00:00,5196,32,75,,,,
2026-05-25T15:00:30+00:00,5197,32,74,,,,
2026-05-25T15:01:33+00:00,5198,32,74,,,,
2026-05-25T15:02:35+00:00,5199,32,74,,,,
2026-05-25T15:03:38+00:00,5200,32,74,,,,
2026-05-25T15:04:43+00:00,5201,32,74,,,,
2026-05-25T15:05:46+00:00,5202,32,74,,,,
2026-05-25T15:06:48+00:00,5203,32,74,,,,
2026-05-25T15:07:50+00:00,5204,32,75,,,,
2026-05-25T15:08:59+00:00,5205,32,75,,,,
2026-05-25T15:10:01+00:00,5206,32,75,,,,
2026-05-25T15:11:03+00:00,5207,32,75,,,,
2026-05-25T15:12:06+00:00,5208,32,75,,,,
2026-05-25T15:13:08+00:00,5209,32,76,,,,
2026-05-25T15:14:16+00:00,5210,32,76,,,,
2026-05-25T15:15:19+00:00,5211,32,76,,,,
2026-05-25T15:16:21+00:00,5212,32,76,,,,
2026-05-25T15:19:31+00:00,5213,32,76,,,,
2026-05-25T15:20:33+00:00,5214,32,76,,,,
2026-05-25T15:21:36+00:00,5215,32,76,,,,
2026-05-25T15:22:39+00:00,5216,32,76,,,,
2026-05-25T15:23:41+00:00,5217,32,76,,,,
2026-05-25T15:24:48+00:00,5218,32,75,,,,
2026-05-25T15:25:50+00:00,5219,32,75,,,,
2026-05-25T15:26:53+00:00,5220,32,75,,,,
2026-05-25T15:27:56+00:00,5221,32,75,,,,
2026-05-25T15:28:59+00:00,5222,32,75,,,,
2026-05-25T15:30:01+00:00,5223,32,75,,,,
2026-05-25T15:31:04+00:00,5224,32,75,,,,
2026-05-25T15:32:08+00:00,5225,32,75,,,,
2026-05-25T15:33:10+00:00,5226,32,75,,,,
2026-05-25T15:34:14+00:00,5227,32,76,,,,
2026-05-25T15:35:18+00:00,5228,32,76,,,,
2026-05-25T15:36:21+00:00,5229,32,76,,,,
2026-05-25T15:37:24+00:00,5230,32,76,,,,
2026-05-25T15:38:26+00:00,5231,32,76,,,,
2026-05-25T15:39:29+00:00,5232,32,76,,,,
2026-05-25T15:40:31+00:00,5233,32,76,,,,
2026-05-25T15:41:34+00:00,5234,32,76,,,,
2026-05-25T15:42:37+00:00,5235,32,76,,,,
2026-05-25T15:43:39+00:00,5236,32,76,,,,
2026-05-25T15:44:41+00:00,5237,32,76,,,,
2026-05-25T15:45:44+00:00,5238,32,76,,,,
2026-05-25T15:46:47+00:00,5239,32,76,,,,
2026-05-25T15:47:50+00:00,5240,32,76,,,,
2026-05-25T15:48:54+00:00,5241,32,76,,,,
2026-05-25T15:49:56+00:00,5242,32,76,,,,
2026-05-25T15:50:59+00:00,5243,32,76,,,,
2026-05-25T15:52:02+00:00,5244,32,76,,,,
2026-05-25T15:53:05+00:00,5245,32,76,,,,
2026-05-25T15:54:07+00:00,5246,32,76,,,,
2026-05-25T15:55:10+00:00,5247,32,76,,,,
2026-05-25T15:56:12+00:00,5248,32,76,,,,
2026-05-25T15:57:15+00:00,5249,32,76,,,,
2026-05-25T15:58:17+00:00,5250,32,76,,,,
2026-05-25T15:59:20+00:00,5251,32,76,,,,
2026-05-25T16:00:22+00:00,5252,32,76,,,,
2026-05-25T16:01:24+00:00,5253,32,76,,,,
2026-05-25T16:02:27+00:00,5254,32,76,,,,
2026-05-25T16:03:29+00:00,5255,32,76,,,,
2026-05-25T16:04:32+00:00,5256,32,76,,,,
2026-05-25T16:05:34+00:00,5257,32,76,,,,
2026-05-25T16:06:37+00:00,5258,32,76,,,,
2026-05-25T16:07:39+00:00,5259,32,76,,,,
2026-05-25T16:08:42+00:00,5260,32,76,,,,
2026-05-25T16:09:44+00:00,5261,32,76,,,,
2026-05-25T16:10:47+00:00,5262,32,77,,,,
2026-05-25T16:11:49+00:00,5263,32,77,,,,
2026-05-25T16:12:51+00:00,5264,32,77,,,,
2026-05-25T16:13:54+00:00,5265,32,77,,,,
2026-05-25T16:14:57+00:00,5266,32,77,,,,
2026-05-25T16:16:00+00:00,5267,32,77,,,,
2026-05-25T16:17:02+00:00,5268,32,77,,,,
2026-05-25T16:18:05+00:00,5269,32,77,,,,
2026-05-25T16:19:08+00:00,5270,32,77,,,,
2026-05-25T16:20:10+00:00,5271,32,77,,,,
2026-05-25T16:21:13+00:00,5272,32,77,,,,
2026-05-25T16:22:15+00:00,5273,32,77,,,,
2026-05-25T16:23:18+00:00,5274,32,77,,,,
2026-05-25T16:24:21+00:00,5275,32,77,,,,
2026-05-25T16:25:23+00:00,5276,32,77,,,,
2026-05-25T16:26:27+00:00,5277,32,77,,,,
2026-05-25T16:27:29+00:00,5278,32,77,,,,
2026-05-25T16:28:32+00:00,5279,32,77,,,,
2026-05-25T16:29:34+00:00,5280,32,77,,,,
2026-05-25T16:30:37+00:00,5281,32,77,,,,
2026-05-25T16:31:39+00:00,5282,32,77,,,,
2026-05-25T16:32:42+00:00,5283,32,77,,,,
2026-05-25T16:33:44+00:00,5284,32,77,,,,
2026-05-25T16:34:47+00:00,5285,32,77,,,,
2026-05-25T16:35:49+00:00,5286,32,77,,,,
2026-05-25T16:36:52+00:00,5287,32,77,,,,
2026-05-25T16:37:54+00:00,5288,32,76,,,,
2026-05-25T16:38:57+00:00,5289,32,76,,,,
2026-05-25T16:39:59+00:00,5290,32,76,,,,
2026-05-25T16:41:02+00:00,5291,32,76,,,,
2026-05-25T16:42:04+00:00,5292,32,76,,,,
2026-05-25T16:43:07+00:00,5293,32,76,,,,
2026-05-25T16:44:09+00:00,5294,32,76,,,,
2026-05-25T16:45:11+00:00,5295,32,76,,,,
2026-05-25T16:46:14+00:00,5296,32,76,,,,
2026-05-25T16:47:16+00:00,5297,32,76,,,,
2026-05-25T16:48:19+00:00,5298,32,76,,,,
2026-05-25T16:49:21+00:00,5299,32,76,,,,
2026-05-25T16:50:24+00:00,5300,32,76,,,,
2026-05-25T16:51:26+00:00,5301,32,76,,,,
2026-05-25T16:52:29+00:00,5302,32,76,,,,
2026-05-25T16:53:31+00:00,5303,32,76,,,,
2026-05-25T16:54:34+00:00,5304,32,76,,,,
2026-05-25T16:55:37+00:00,5305,32,76,,,,
2026-05-25T16:56:39+00:00,5306,32,76,,,,
2026-05-25T16:57:42+00:00,5307,32,76,,,,
2026-05-25T16:58:44+00:00,5308,32,76,,,,
2026-05-25T16:59:47+00:00,5309,32,76,,,,
2026-05-25T17:00:49+00:00,5310,32,76,,,,
2026-05-25T17:01:52+00:00,5311,32,76,,,,
2026-05-25T17:02:55+00:00,5312,32,76,,,,
2026-05-25T17:03:57+00:00,5313,32,76,,,,
2026-05-25T17:05:00+00:00,5314,32,76,,,,
2026-05-25T17:06:03+00:00,5315,32,76,,,,
2026-05-25T17:07:05+00:00,5316,32,76,,,,
2026-05-25T17:08:08+00:00,5317,32,76,,,,
2026-05-25T17:09:10+00:00,5318,32,76,,,,
2026-05-25T17:10:13+00:00,5319,32,76,,,,
2026-05-25T17:11:16+00:00,5320,32,76,,,,
2026-05-25T17:12:18+00:00,5321,32,76,,,,
2026-05-25T17:13:21+00:00,5322,32,75,,,,
2026-05-25T17:14:24+00:00,5323,32,75,,,,
2026-05-25T17:15:27+00:00,5324,32,75,,,,
2026-05-25T17:16:29+00:00,5325,32,75,,,,
2026-05-25T17:17:31+00:00,5326,32,75,,,,
2026-05-25T17:18:34+00:00,5327,32,75,,,,
2026-05-25T17:19:36+00:00,5328,32,75,,,,
2026-05-25T17:20:38+00:00,5329,32,75,,,,
2026-05-25T17:21:41+00:00,5330,32,75,,,,
2026-05-25T17:22:43+00:00,5331,32,75,,,,
2026-05-25T17:23:46+00:00,5332,32,75,,,,
2026-05-25T17:24:48+00:00,5333,32,75,,,,
2026-05-25T17:25:50+00:00,5334,32,75,,,,
2026-05-25T17:26:53+00:00,5335,32,75,,,,
2026-05-25T17:27:55+00:00,5336,32,75,,,,
2026-05-25T17:28:57+00:00,5337,32,75,,,,
2026-05-25T17:30:00+00:00,5338,32,75,,,,
2026-05-25T17:31:02+00:00,5339,32,75,,,,
2026-05-25T17:32:05+00:00,5340,32,75,,,,
2026-05-25T17:33:07+00:00,5341,32,75,,,,
2026-05-25T17:34:11+00:00,5342,32,75,,,,
2026-05-25T17:35:13+00:00,5343,32,75,,,,
2026-05-25T17:36:15+00:00,5344,32,75,,,,
2026-05-25T17:37:18+00:00,5345,32,75,,,,
2026-05-25T17:38:20+00:00,5346,32,75,,,,
2026-05-25T17:39:23+00:00,5347,32,75,,,,
2026-05-25T17:40:25+00:00,5348,32,75,,,,
2026-05-25T17:41:27+00:00,5349,32,75,,,,
2026-05-25T17:42:29+00:00,5350,32,75,,,,
2026-05-25T17:43:32+00:00,5351,32,75,,,,
2026-05-25T17:44:34+00:00,5352,32,75,,,,
2026-05-25T17:45:36+00:00,5353,32,75,,,,
2026-05-25T17:46:39+00:00,5354,32,76,,,,
2026-05-25T17:47:41+00:00,5355,32,76,,,,
2026-05-25T17:48:44+00:00,5356,32,76,,,,
2026-05-25T17:49:46+00:00,5357,32,76,,,,
2026-05-25T17:50:49+00:00,5358,32,76,,,,
2026-05-25T17:51:51+00:00,5359,32,76,,,,
2026-05-25T17:52:55+00:00,5360,32,76,,,,
2026-05-25T17:53:58+00:00,5361,32,76,,,,
2026-05-25T17:55:00+00:00,5362,32,76,,,,
2026-05-25T17:56:03+00:00,5363,32,76,,,,
2026-05-25T17:57:05+00:00,5364,32,76,,,,
2026-05-25T17:58:07+00:00,5365,32,76,,,,
2026-05-25T17:59:10+00:00,5366,32,76,,,,
2026-05-25T18:00:13+00:00,5367,32,76,,,,
2026-05-25T18:01:16+00:00,5368,32,76,,,,
2026-05-25T18:02:18+00:00,5369,32,76,,,,
2026-05-25T18:03:20+00:00,5370,32,76,,,,
2026-05-25T18:04:23+00:00,5371,32,76,,,,
2026-05-25T18:05:25+00:00,5372,32,76,,,,
2026-05-25T18:06:28+00:00,5373,32,76,,,,
2026-05-25T18:07:31+00:00,5374,32,76,,,,
2026-05-25T18:08:34+00:00,5375,32,76,,,,
2026-05-25T18:09:36+00:00,5376,32,76,,,,
2026-05-25T18:10:38+00:00,5377,32,76,,,,
2026-05-25T18:11:41+00:00,5378,32,76,,,,
2026-05-25T18:12:43+00:00,5379,32,76,,,,
2026-05-25T18:13:46+00:00,5380,32,76,,,,
2026-05-26T03:29:34+00:00,5381,30,81,,,,
2026-05-26T03:30:36+00:00,5382,30,81,,,,
2026-05-26T03:31:39+00:00,5383,30,83,,,,
2026-05-26T03:32:41+00:00,5384,30,82,,,,
2026-05-26T03:33:43+00:00,5385,30,82,,,,
2026-05-26T03:34:46+00:00,5386,30,82,,,,
2026-05-26T03:35:48+00:00,5387,30,82,,,,
2026-05-26T03:36:51+00:00,5388,30,82,,,,
2026-05-26T03:37:53+00:00,5389,30,82,,,,
2026-05-26T03:38:55+00:00,5390,30,82,,,,
2026-05-26T03:39:58+00:00,5391,30,82,,,,
2026-05-26T03:41:00+00:00,5392,30,82,,,,
2026-05-26T03:42:02+00:00,5393,30,82,,,,
2026-05-26T03:43:05+00:00,5394,30,81,,,,
2026-05-26T03:44:07+00:00,5395,30,81,,,,
2026-05-26T03:45:09+00:00,5396,30,81,,,,
2026-05-26T03:46:12+00:00,5397,30,81,,,,
2026-05-26T03:47:14+00:00,5398,30,81,,,,
2026-05-26T03:48:16+00:00,5399,30,81,,,,
2026-05-26T03:49:19+00:00,5400,30,81,,,,
2026-05-26T03:50:21+00:00,5401,30,81,,,,
2026-05-26T03:51:24+00:00,5402,30,81,,,,
2026-05-26T03:52:26+00:00,5403,30,81,,,,
2026-05-26T03:53:28+00:00,5404,30,81,,,,
2026-05-26T03:54:31+00:00,5405,30,81,,,,
2026-05-26T03:55:33+00:00,5406,30,81,,,,
2026-05-26T03:56:35+00:00,5407,30,81,,,,
2026-05-26T03:57:38+00:00,5408,30,81,,,,
2026-05-26T03:58:40+00:00,5409,30,80,,,,
2026-05-26T03:59:42+00:00,5410,30,80,,,,
2026-05-26T04:00:45+00:00,5411,30,80,,,,
2026-05-26T04:01:47+00:00,5412,30,80,,,,
2026-05-26T04:02:50+00:00,5413,30,80,,,,
2026-05-26T04:03:52+00:00,5414,30,80,,,,
2026-05-26T04:04:54+00:00,5415,30,80,,,,
2026-05-26T04:05:57+00:00,5416,30,80,,,,
2026-05-26T04:06:59+00:00,5417,30,80,,,,
2026-05-26T04:08:01+00:00,5418,30,80,,,,
2026-05-26T04:09:04+00:00,5419,30,80,,,,
2026-05-26T04:10:06+00:00,5420,30,80,,,,
2026-05-26T04:11:08+00:00,5421,30,80,,,,
2026-05-26T04:12:11+00:00,5422,30,80,,,,
2026-05-26T04:13:13+00:00,5423,30,80,,,,
2026-05-26T04:14:15+00:00,5424,30,80,,,,
2026-05-26T04:15:18+00:00,5425,30,80,,,,
2026-05-26T04:16:20+00:00,5426,30,80,,,,
2026-05-26T04:17:23+00:00,5427,30,80,,,,
2026-05-26T04:18:25+00:00,5428,30,80,,,,
2026-05-26T04:19:28+00:00,5429,30,79,,,,
2026-05-26T04:20:30+00:00,5430,30,79,,,,
2026-05-26T04:21:32+00:00,5431,30,79,,,,
2026-05-26T04:22:36+00:00,5432,30,79,,,,
2026-05-26T04:23:38+00:00,5433,30,79,,,,
2026-05-26T04:24:40+00:00,5434,30,79,,,,
2026-05-26T04:25:43+00:00,5435,30,79,,,,
2026-05-26T04:26:45+00:00,5436,30,79,,,,
2026-05-26T04:27:48+00:00,5437,30,79,,,,
2026-05-26T04:28:50+00:00,5438,30,79,,,,
2026-05-26T04:29:53+00:00,5439,30,79,,,,
2026-05-26T04:30:55+00:00,5440,30,79,,,,
2026-05-26T04:31:58+00:00,5441,30,79,,,,
2026-05-26T04:33:00+00:00,5442,30,79,,,,
2026-05-26T04:34:02+00:00,5443,30,79,,,,
2026-05-26T04:35:04+00:00,5444,30,79,,,,
2026-05-26T04:36:07+00:00,5445,30,79,,,,
2026-05-26T04:37:09+00:00,5446,30,79,,,,
2026-05-26T04:38:11+00:00,5447,30,79,,,,
2026-05-26T04:39:14+00:00,5448,30,79,,,,
2026-05-26T04:40:16+00:00,5449,30,79,,,,
2026-05-26T04:41:18+00:00,5450,30,78,,,,
2026-05-26T04:42:20+00:00,5451,30,78,,,,
2026-05-26T04:43:23+00:00,5452,30,78,,,,
2026-05-26T04:44:25+00:00,5453,31,78,,,,
2026-05-26T04:45:27+00:00,5454,31,78,,,,
2026-05-26T04:46:30+00:00,5455,31,78,,,,
2026-05-26T04:47:32+00:00,5456,31,78,,,,
2026-05-26T04:48:34+00:00,5457,31,78,,,,
2026-05-26T04:49:37+00:00,5458,31,78,,,,
2026-05-26T04:50:39+00:00,5459,31,78,,,,
2026-05-26T04:51:41+00:00,5460,31,78,,,,
2026-05-26T04:52:44+00:00,5461,31,77,,,,
2026-05-26T04:53:46+00:00,5462,31,77,,,,
2026-05-26T04:54:49+00:00,5463,31,77,,,,
2026-05-26T04:55:51+00:00,5464,31,77,,,,
2026-05-26T04:56:54+00:00,5465,31,77,,,,
2026-05-26T04:57:56+00:00,5466,31,77,,,,
2026-05-26T04:58:59+00:00,5467,31,77,,,,
2026-05-26T05:00:02+00:00,5468,31,77,,,,
2026-05-26T05:01:05+00:00,5469,31,77,,,,
2026-05-26T05:02:07+00:00,5470,31,77,,,,
2026-05-26T05:03:09+00:00,5471,31,77,,,,
2026-05-26T05:04:12+00:00,5472,31,77,,,,
2026-05-26T05:05:14+00:00,5473,31,77,,,,
2026-05-26T05:06:17+00:00,5474,31,77,,,,
2026-05-26T05:07:19+00:00,5475,31,76,,,,
2026-05-26T05:08:21+00:00,5476,31,76,,,,
2026-05-26T05:09:24+00:00,5477,31,76,,,,
2026-05-26T05:10:26+00:00,5478,31,76,,,,
2026-05-26T05:11:28+00:00,5479,31,76,,,,
2026-05-26T05:12:31+00:00,5480,31,76,,,,
2026-05-26T05:13:33+00:00,5481,31,76,,,,
2026-05-26T05:14:35+00:00,5482,31,76,,,,
2026-05-26T05:15:38+00:00,5483,31,76,,,,
2026-05-26T05:16:40+00:00,5484,31,76,,,,
2026-05-26T05:17:43+00:00,5485,31,76,,,,
2026-05-26T05:18:45+00:00,5486,31,76,,,,
2026-05-26T05:19:47+00:00,5487,31,76,,,,
2026-05-26T05:20:50+00:00,5488,31,76,,,,
2026-05-26T05:21:52+00:00,5489,31,76,,,,
2026-05-26T05:22:54+00:00,5490,31,76,,,,
2026-05-26T05:23:57+00:00,5491,31,76,,,,
2026-05-26T05:25:00+00:00,5492,31,76,,,,
2026-05-26T05:26:02+00:00,5493,31,76,,,,
2026-05-26T05:27:04+00:00,5494,31,76,,,,
2026-05-26T05:28:07+00:00,5495,31,76,,,,
2026-05-26T05:29:09+00:00,5496,31,77,,,,
2026-05-26T05:30:11+00:00,5497,31,77,,,,
2026-05-26T05:31:14+00:00,5498,31,77,,,,
2026-05-26T05:32:17+00:00,5499,31,77,,,,
2026-05-26T05:33:19+00:00,5500,31,77,,,,
2026-05-26T05:34:21+00:00,5501,31,77,,,,
2026-05-26T05:35:24+00:00,5502,31,77,,,,
2026-05-26T05:36:26+00:00,5503,31,77,,,,
2026-05-26T05:37:29+00:00,5504,31,77,,,,
2026-05-26T05:38:31+00:00,5505,31,77,,,,
2026-05-26T05:39:33+00:00,5506,31,77,,,,
2026-05-26T05:40:36+00:00,5507,31,77,,,,
2026-05-26T05:41:38+00:00,5508,31,77,,,,
2026-05-26T05:42:41+00:00,5509,31,77,,,,
2026-05-26T05:43:43+00:00,5510,31,77,,,,
2026-05-26T05:44:46+00:00,5511,31,77,,,,
2026-05-26T05:45:49+00:00,5512,31,77,,,,
2026-05-26T05:46:51+00:00,5513,31,77,,,,
2026-05-26T05:47:53+00:00,5514,31,77,,,,
2026-05-26T05:48:56+00:00,5515,31,77,,,,
2026-05-26T05:49:58+00:00,5516,31,77,,,,
2026-05-26T05:51:01+00:00,5517,31,77,,,,
2026-05-26T05:52:03+00:00,5518,31,77,,,,
2026-05-26T05:53:06+00:00,5519,31,77,,,,
2026-05-26T05:54:09+00:00,5520,31,77,,,,
2026-05-26T05:55:11+00:00,5521,31,77,,,,
2026-05-26T05:56:13+00:00,5522,31,77,,,,
2026-05-26T05:57:16+00:00,5523,31,77,,,,
2026-05-26T05:58:18+00:00,5524,31,77,,,,
2026-05-26T05:59:22+00:00,5525,31,77,,,,
2026-05-26T06:00:24+00:00,5526,31,77,,,,
2026-05-26T06:01:26+00:00,5527,31,77,,,,
2026-05-26T06:02:29+00:00,5528,31,77,,,,
2026-05-26T06:03:32+00:00,5529,31,77,,,,
2026-05-26T06:04:34+00:00,5530,31,77,,,,
2026-05-26T06:05:37+00:00,5531,31,77,,,,
2026-05-26T06:06:40+00:00,5532,31,77,,,,
2026-05-26T06:07:42+00:00,5533,31,77,,,,
2026-05-26T06:08:45+00:00,5534,31,77,,,,
2026-05-26T06:09:47+00:00,5535,31,77,,,,
2026-05-26T06:10:50+00:00,5536,31,77,,,,
2026-05-26T06:11:52+00:00,5537,31,77,,,,
2026-05-26T06:12:55+00:00,5538,31,77,,,,
2026-05-26T06:13:57+00:00,5539,31,77,,,,
2026-05-26T06:14:59+00:00,5540,31,77,,,,
2026-05-26T06:16:02+00:00,5541,31,77,,,,
2026-05-26T06:17:04+00:00,5542,31,76,,,,
2026-05-26T06:18:06+00:00,5543,31,77,,,,
2026-05-26T06:19:09+00:00,5544,31,76,,,,
2026-05-26T06:20:12+00:00,5545,31,76,,,,
2026-05-26T06:21:14+00:00,5546,31,76,,,,
2026-05-26T06:22:17+00:00,5547,31,76,,,,
2026-05-26T06:23:19+00:00,5548,31,76,,,,
2026-05-26T06:24:22+00:00,5549,31,76,,,,
2026-05-26T06:25:24+00:00,5550,31,76,,,,
2026-05-26T06:26:27+00:00,5551,31,76,,,,
2026-05-26T06:27:30+00:00,5552,31,76,,,,
2026-05-26T06:28:32+00:00,5553,31,76,,,,
2026-05-26T06:29:35+00:00,5554,31,76,,,,
2026-05-26T06:30:38+00:00,5555,31,76,,,,
2026-05-26T06:31:40+00:00,5556,31,76,,,,
2026-05-26T06:32:43+00:00,5557,31,76,,,,
2026-05-26T06:33:45+00:00,5558,31,76,,,,
2026-05-26T06:34:47+00:00,5559,31,76,,,,
2026-05-26T06:35:50+00:00,5560,31,76,,,,
2026-05-26T06:36:53+00:00,5561,31,76,,,,
2026-05-26T06:37:55+00:00,5562,31,76,,,,
2026-05-26T06:38:58+00:00,5563,31,76,,,,
2026-05-26T06:40:12+00:00,5564,31,76,,,,
2026-05-26T06:41:15+00:00,5565,31,76,,,,
2026-05-26T06:42:18+00:00,5566,31,76,,,,
2026-05-26T06:43:20+00:00,5567,31,76,,,,
2026-05-26T06:44:23+00:00,5568,31,76,,,,
2026-05-26T06:45:25+00:00,5569,31,76,,,,
2026-05-26T06:46:28+00:00,5570,31,76,,,,
2026-05-26T06:47:31+00:00,5571,31,75,,,,
2026-05-26T06:48:33+00:00,5572,31,75,,,,
2026-05-26T06:49:36+00:00,5573,31,75,,,,
2026-05-26T06:50:38+00:00,5574,31,75,,,,
2026-05-26T06:51:40+00:00,5575,31,75,,,,
2026-05-26T06:52:44+00:00,5576,31,75,,,,
2026-05-26T06:53:46+00:00,5577,31,75,,,,
2026-05-26T06:54:48+00:00,5578,31,75,,,,
2026-05-26T06:55:51+00:00,5579,31,75,,,,
2026-05-26T06:56:53+00:00,5580,31,74,,,,
2026-05-26T06:57:56+00:00,5581,31,73,,,,
2026-05-26T06:58:59+00:00,5582,31,73,,,,
2026-05-26T07:00:01+00:00,5583,31,73,,,,
2026-05-26T07:01:03+00:00,5584,31,73,,,,
2026-05-26T07:02:06+00:00,5585,31,73,,,,
2026-05-26T07:03:08+00:00,5586,31,73,,,,
2026-05-26T07:04:11+00:00,5587,31,73,,,,
2026-05-26T07:05:13+00:00,5588,31,73,,,,
2026-05-26T07:06:16+00:00,5589,31,73,,,,
2026-05-26T07:07:18+00:00,5590,31,72,,,,
2026-05-26T07:08:21+00:00,5591,31,72,,,,
2026-05-26T07:09:23+00:00,5592,31,72,,,,
2026-05-26T07:10:25+00:00,5593,31,73,,,,
2026-05-26T07:11:28+00:00,5594,31,73,,,,
2026-05-26T07:12:30+00:00,5595,31,73,,,,
2026-05-26T07:13:33+00:00,5596,31,73,,,,
2026-05-26T07:14:35+00:00,5597,31,73,,,,
2026-05-26T07:15:38+00:00,5598,31,73,,,,
2026-05-26T07:16:41+00:00,5599,31,73,,,,
2026-05-26T07:17:43+00:00,5600,31,73,,,,
2026-05-26T07:18:46+00:00,5601,31,73,,,,
2026-05-26T07:19:49+00:00,5602,31,73,,,,
2026-05-26T07:20:54+00:00,5603,31,73,,,,
2026-05-26T07:21:57+00:00,5604,31,73,,,,
2026-05-26T07:23:00+00:00,5605,31,73,,,,
2026-05-26T07:24:03+00:00,5606,31,73,,,,
2026-05-26T07:25:05+00:00,5607,31,73,,,,
2026-05-26T07:26:08+00:00,5608,31,73,,,,
2026-05-26T07:27:10+00:00,5609,31,73,,,,
2026-05-26T07:28:13+00:00,5610,31,73,,,,
2026-05-26T07:29:15+00:00,5611,31,73,,,,
2026-05-26T07:30:18+00:00,5612,31,74,,,,
2026-05-26T07:31:20+00:00,5613,31,74,,,,
2026-05-26T07:32:23+00:00,5614,31,74,,,,
2026-05-26T07:33:25+00:00,5615,31,74,,,,
2026-05-26T07:34:28+00:00,5616,31,73,,,,
2026-05-26T07:35:30+00:00,5617,31,73,,,,
2026-05-26T07:36:33+00:00,5618,31,73,,,,
2026-05-26T07:37:35+00:00,5619,31,73,,,,
2026-05-26T07:38:38+00:00,5620,31,73,,,,
2026-05-26T07:39:40+00:00,5621,31,73,,,,
2026-05-26T07:40:43+00:00,5622,31,73,,,,
2026-05-26T07:41:45+00:00,5623,31,73,,,,
2026-05-26T07:42:48+00:00,5624,31,73,,,,
2026-05-26T07:43:50+00:00,5625,31,73,,,,
2026-05-26T07:44:52+00:00,5626,31,73,,,,
2026-05-26T07:45:55+00:00,5627,31,73,,,,
2026-05-26T07:46:57+00:00,5628,31,73,,,,
2026-05-26T07:47:59+00:00,5629,31,73,,,,
2026-05-26T07:49:02+00:00,5630,31,73,,,,
2026-05-26T07:50:05+00:00,5631,31,73,,,,
2026-05-26T07:51:07+00:00,5632,31,73,,,,
2026-05-26T07:52:09+00:00,5633,31,73,,,,
2026-05-26T07:53:12+00:00,5634,31,73,,,,
2026-05-26T07:54:14+00:00,5635,32,72,,,,
2026-05-26T07:55:17+00:00,5636,32,72,,,,
2026-05-26T07:56:20+00:00,5637,32,72,,,,
2026-05-26T07:57:22+00:00,5638,32,72,,,,
2026-05-26T07:58:24+00:00,5639,32,72,,,,
2026-05-26T07:59:27+00:00,5640,32,72,,,,
2026-05-26T08:00:29+00:00,5641,32,72,,,,
2026-05-26T08:01:32+00:00,5642,32,72,,,,
2026-05-26T08:02:34+00:00,5643,32,72,,,,
2026-05-26T08:03:36+00:00,5644,32,72,,,,
2026-05-26T08:04:38+00:00,5645,32,72,,,,
2026-05-26T08:05:43+00:00,5646,32,71,,,,
2026-05-26T08:06:45+00:00,5647,32,71,,,,
2026-05-26T08:07:48+00:00,5648,32,71,,,,
2026-05-26T08:08:50+00:00,5649,32,72,,,,
2026-05-26T08:09:53+00:00,5650,32,72,,,,
2026-05-26T08:10:55+00:00,5651,32,72,,,,
2026-05-26T08:11:58+00:00,5652,32,72,,,,
2026-05-26T08:13:01+00:00,5653,32,72,,,,
2026-05-26T08:14:03+00:00,5654,32,72,,,,
2026-05-26T08:15:06+00:00,5655,32,71,,,,
2026-05-26T08:16:08+00:00,5656,32,71,,,,
2026-05-26T08:17:11+00:00,5657,32,71,,,,
2026-05-26T08:18:13+00:00,5658,32,71,,,,
2026-05-26T08:19:16+00:00,5659,32,71,,,,
2026-05-26T08:20:18+00:00,5660,32,70,,,,
2026-05-26T08:21:21+00:00,5661,32,70,,,,
2026-05-26T08:22:23+00:00,5662,32,70,,,,
2026-05-26T08:23:25+00:00,5663,32,70,,,,
2026-05-26T08:24:28+00:00,5664,32,70,,,,
2026-05-26T08:25:30+00:00,5665,32,70,,,,
2026-05-26T08:26:33+00:00,5666,32,70,,,,
2026-05-26T08:27:35+00:00,5667,32,70,,,,
2026-05-26T08:28:37+00:00,5668,32,70,,,,
2026-05-26T08:29:40+00:00,5669,32,70,,,,
2026-05-26T08:30:44+00:00,5670,32,69,,,,
2026-05-26T08:31:46+00:00,5671,32,69,,,,
2026-05-26T08:32:49+00:00,5672,32,69,,,,
2026-05-26T08:33:51+00:00,5673,32,69,,,,
2026-05-26T08:34:53+00:00,5674,32,69,,,,
2026-05-26T08:35:56+00:00,5675,32,69,,,,
2026-05-26T08:36:59+00:00,5676,32,69,,,,
2026-05-26T08:38:01+00:00,5677,32,69,,,,
2026-05-26T08:39:03+00:00,5678,32,69,,,,
2026-05-26T08:40:06+00:00,5679,32,69,,,,
2026-05-26T08:41:09+00:00,5680,32,69,,,,
2026-05-26T08:42:11+00:00,5681,32,69,,,,
2026-05-26T08:43:14+00:00,5682,32,69,,,,
2026-05-26T08:44:18+00:00,5683,32,69,,,,
2026-05-26T08:45:21+00:00,5684,32,69,,,,
2026-05-26T08:46:23+00:00,5685,32,70,,,,
2026-05-26T08:47:26+00:00,5686,32,70,,,,
2026-05-26T08:48:29+00:00,5687,32,70,,,,
2026-05-26T08:49:31+00:00,5688,32,70,,,,
2026-05-26T08:50:34+00:00,5689,32,70,,,,
2026-05-26T08:51:39+00:00,5690,32,70,,,,
2026-05-26T08:52:42+00:00,5691,32,70,,,,
2026-05-26T08:53:44+00:00,5692,32,70,,,,
2026-05-26T08:54:47+00:00,5693,32,70,,,,
2026-05-26T08:55:49+00:00,5694,32,70,,,,
2026-05-26T08:56:54+00:00,5695,32,70,,,,
2026-05-26T08:57:57+00:00,5696,32,70,,,,
2026-05-26T08:59:00+00:00,5697,32,70,,,,
2026-05-26T09:00:04+00:00,5698,32,70,,,,
2026-05-26T09:01:07+00:00,5699,32,70,,,,
2026-05-26T09:02:10+00:00,5700,32,70,,,,
2026-05-26T09:03:12+00:00,5701,32,70,,,,
2026-05-26T09:04:15+00:00,5702,32,70,,,,
2026-05-26T09:05:18+00:00,5703,32,70,,,,
2026-05-26T09:06:21+00:00,5704,32,70,,,,
2026-05-26T09:07:23+00:00,5705,32,70,,,,
2026-05-26T09:08:26+00:00,5706,32,70,,,,
2026-05-26T09:09:29+00:00,5707,32,70,,,,
2026-05-26T09:10:32+00:00,5708,32,70,,,,
2026-05-26T09:11:35+00:00,5709,32,70,,,,
2026-05-26T09:12:38+00:00,5710,32,70,,,,
2026-05-26T09:13:40+00:00,5711,32,69,,,,
2026-05-26T09:14:43+00:00,5712,32,69,,,,
2026-05-26T09:15:45+00:00,5713,32,69,,,,
2026-05-26T09:16:48+00:00,5714,32,69,,,,
2026-05-26T09:17:51+00:00,5715,32,69,,,,
2026-05-26T09:18:54+00:00,5716,32,69,,,,
2026-05-26T09:19:57+00:00,5717,32,69,,,,
2026-05-26T09:20:59+00:00,5718,32,69,,,,
2026-05-26T09:22:01+00:00,5719,32,69,,,,
2026-05-26T09:23:04+00:00,5720,32,69,,,,
2026-05-26T09:24:07+00:00,5721,32,69,,,,
2026-05-26T09:25:10+00:00,5722,32,69,,,,
2026-05-26T09:26:13+00:00,5723,32,69,,,,
2026-05-26T09:27:15+00:00,5724,32,69,,,,
2026-05-26T09:28:17+00:00,5725,32,69,,,,
2026-05-26T09:29:20+00:00,5726,32,69,,,,
2026-05-26T09:30:23+00:00,5727,32,69,,,,
2026-05-26T09:31:25+00:00,5728,32,69,,,,
2026-05-26T09:32:28+00:00,5729,32,69,,,,
2026-05-26T09:33:30+00:00,5730,32,69,,,,
2026-05-26T09:34:33+00:00,5731,32,69,,,,
2026-05-26T09:35:35+00:00,5732,32,69,,,,
2026-05-26T09:36:38+00:00,5733,32,69,,,,
2026-05-26T09:37:40+00:00,5734,32,70,,,,
2026-05-26T09:38:50+00:00,5735,32,69,,,,
2026-05-26T09:39:53+00:00,5736,32,69,,,,
2026-05-26T09:40:57+00:00,5737,32,69,,,,
2026-05-26T09:42:00+00:00,5738,32,70,,,,
2026-05-26T09:43:03+00:00,5739,32,70,,,,
2026-05-26T09:44:06+00:00,5740,32,70,,,,
2026-05-26T09:45:09+00:00,5741,32,70,,,,
2026-05-26T09:46:12+00:00,5742,32,70,,,,
2026-05-26T09:47:15+00:00,5743,32,70,,,,
2026-05-26T09:48:19+00:00,5744,32,70,,,,
2026-05-26T09:49:22+00:00,5745,32,70,,,,
2026-05-26T09:50:25+00:00,5746,32,70,,,,
2026-05-26T09:51:27+00:00,5747,32,70,,,,
2026-05-26T09:52:30+00:00,5748,32,70,,,,
2026-05-26T09:53:33+00:00,5749,32,70,,,,
2026-05-26T09:54:36+00:00,5750,32,70,,,,
2026-05-26T09:55:39+00:00,5751,32,70,,,,
2026-05-26T09:56:41+00:00,5752,32,70,,,,
2026-05-26T09:57:44+00:00,5753,32,70,,,,
2026-05-26T09:58:47+00:00,5754,32,70,,,,
2026-05-26T09:59:50+00:00,5755,32,70,,,,
2026-05-26T10:00:53+00:00,5756,32,70,,,,
2026-05-26T10:01:55+00:00,5757,32,69,,,,
2026-05-26T10:02:58+00:00,5758,32,69,,,,
2026-05-26T10:04:01+00:00,5759,32,69,,,,
2026-05-26T10:05:03+00:00,5760,32,69,,,,
2026-05-26T10:06:06+00:00,5761,32,69,,,,
2026-05-26T10:07:09+00:00,5762,32,69,,,,
2026-05-26T10:08:12+00:00,5763,32,69,,,,
2026-05-26T10:09:15+00:00,5764,32,69,,,,
2026-05-26T10:10:18+00:00,5765,32,69,,,,
2026-05-26T10:11:20+00:00,5766,32,69,,,,
2026-05-26T10:12:23+00:00,5767,32,69,,,,
2026-05-26T10:13:26+00:00,5768,32,69,,,,
2026-05-26T10:14:28+00:00,5769,32,69,,,,
2026-05-26T10:15:31+00:00,5770,32,69,,,,
2026-05-26T10:16:35+00:00,5771,32,69,,,,
2026-05-26T10:17:37+00:00,5772,32,69,,,,
2026-05-26T10:18:39+00:00,5773,33,68,,,,
2026-05-26T10:19:42+00:00,5774,33,68,,,,
2026-05-26T10:20:45+00:00,5775,33,68,,,,
2026-05-26T10:21:47+00:00,5776,33,68,,,,
2026-05-26T10:22:50+00:00,5777,33,69,,,,
2026-05-26T10:23:53+00:00,5778,33,69,,,,
2026-05-26T10:24:56+00:00,5779,33,69,,,,
2026-05-26T10:25:58+00:00,5780,33,69,,,,
2026-05-26T10:27:00+00:00,5781,33,69,,,,
2026-05-26T10:28:03+00:00,5782,33,69,,,,
2026-05-26T10:29:06+00:00,5783,33,69,,,,
2026-05-26T10:30:09+00:00,5784,33,69,,,,
2026-05-26T10:31:12+00:00,5785,33,69,,,,
2026-05-26T10:32:15+00:00,5786,33,69,,,,
2026-05-26T10:33:17+00:00,5787,33,69,,,,
2026-05-26T10:34:20+00:00,5788,33,69,,,,
2026-05-26T10:35:23+00:00,5789,33,69,,,,
2026-05-26T10:36:26+00:00,5790,33,69,,,,
2026-05-26T10:37:31+00:00,5791,33,68,,,,
2026-05-26T10:38:33+00:00,5792,33,68,,,,
2026-05-26T10:39:35+00:00,5793,33,68,,,,
2026-05-26T10:40:38+00:00,5794,33,68,,,,
2026-05-26T10:41:41+00:00,5795,33,68,,,,
2026-05-26T10:42:44+00:00,5796,33,68,,,,
2026-05-26T10:43:47+00:00,5797,33,68,,,,
2026-05-26T10:44:50+00:00,5798,33,68,,,,
2026-05-26T10:45:53+00:00,5799,33,68,,,,
2026-05-26T10:46:56+00:00,5800,33,68,,,,
2026-05-26T10:47:59+00:00,5801,33,68,,,,
2026-05-26T10:49:01+00:00,5802,33,68,,,,
2026-05-26T10:50:05+00:00,5803,33,68,,,,
2026-05-26T10:51:07+00:00,5804,33,67,,,,
2026-05-26T10:52:10+00:00,5805,33,67,,,,
2026-05-26T10:53:13+00:00,5806,33,67,,,,
2026-05-26T10:54:16+00:00,5807,33,67,,,,
2026-05-26T10:55:19+00:00,5808,33,67,,,,
2026-05-26T10:56:22+00:00,5809,33,67,,,,
2026-05-26T10:57:25+00:00,5810,33,67,,,,
2026-05-26T10:58:27+00:00,5811,33,67,,,,
2026-05-26T10:59:30+00:00,5812,33,67,,,,
2026-05-26T11:00:33+00:00,5813,33,67,,,,
2026-05-26T11:01:35+00:00,5814,33,67,,,,
2026-05-26T11:02:38+00:00,5815,33,67,,,,
2026-05-26T11:03:40+00:00,5816,33,67,,,,
2026-05-26T11:04:43+00:00,5817,33,68,,,,
2026-05-26T11:05:45+00:00,5818,33,68,,,,
2026-05-26T11:06:47+00:00,5819,33,68,,,,
2026-05-26T11:07:50+00:00,5820,33,68,,,,
2026-05-26T11:08:52+00:00,5821,33,68,,,,
2026-05-26T11:09:55+00:00,5822,33,68,,,,
2026-05-26T11:10:57+00:00,5823,33,68,,,,
2026-05-26T11:12:00+00:00,5824,33,68,,,,
2026-05-26T11:13:02+00:00,5825,33,68,,,,
2026-05-26T11:14:05+00:00,5826,33,68,,,,
2026-05-26T11:15:07+00:00,5827,33,68,,,,
2026-05-26T11:16:09+00:00,5828,33,67,,,,
2026-05-26T11:17:12+00:00,5829,33,67,,,,
2026-05-26T11:18:14+00:00,5830,33,67,,,,
2026-05-26T11:19:17+00:00,5831,33,67,,,,
2026-05-26T11:20:19+00:00,5832,33,67,,,,
2026-05-26T11:21:22+00:00,5833,33,68,,,,
2026-05-26T11:22:24+00:00,5834,33,68,,,,
2026-05-26T11:23:27+00:00,5835,33,68,,,,
2026-05-26T11:24:29+00:00,5836,33,67,,,,
2026-05-26T11:25:31+00:00,5837,33,67,,,,
2026-05-26T11:26:33+00:00,5838,33,67,,,,
2026-05-26T11:27:36+00:00,5839,33,67,,,,
2026-05-26T11:28:38+00:00,5840,33,67,,,,
2026-05-26T11:29:40+00:00,5841,33,67,,,,
2026-05-26T11:30:43+00:00,5842,33,67,,,,
2026-05-26T11:31:46+00:00,5843,33,67,,,,
2026-05-26T11:32:48+00:00,5844,33,67,,,,
2026-05-26T11:33:51+00:00,5845,33,67,,,,
2026-05-26T11:34:53+00:00,5846,33,67,,,,
2026-05-26T11:35:55+00:00,5847,33,67,,,,
2026-05-26T11:36:58+00:00,5848,33,67,,,,
2026-05-26T11:38:00+00:00,5849,33,67,,,,
2026-05-26T11:39:02+00:00,5850,33,67,,,,
2026-05-26T11:40:05+00:00,5851,33,67,,,,
2026-05-26T11:41:07+00:00,5852,33,67,,,,
2026-05-26T11:42:10+00:00,5853,33,67,,,,
2026-05-26T11:43:12+00:00,5854,33,67,,,,
2026-05-26T11:44:14+00:00,5855,33,67,,,,
2026-05-26T11:45:17+00:00,5856,33,67,,,,
2026-05-26T11:46:19+00:00,5857,33,67,,,,
2026-05-26T11:47:21+00:00,5858,33,67,,,,
2026-05-26T11:48:23+00:00,5859,33,67,,,,
2026-05-26T11:49:26+00:00,5860,33,67,,,,
2026-05-26T11:50:28+00:00,5861,33,67,,,,
2026-05-26T11:51:31+00:00,5862,33,67,,,,
2026-05-26T11:52:33+00:00,5863,33,67,,,,
2026-05-26T11:53:35+00:00,5864,33,67,,,,
2026-05-26T11:54:38+00:00,5865,33,67,,,,
2026-05-26T11:55:40+00:00,5866,33,67,,,,
2026-05-26T11:56:43+00:00,5867,33,67,,,,
2026-05-26T11:57:45+00:00,5868,33,67,,,,
2026-05-26T11:58:47+00:00,5869,33,67,,,,
2026-05-26T11:59:50+00:00,5870,33,67,,,,
2026-05-26T12:00:52+00:00,5871,33,67,,,,
2026-05-26T12:01:55+00:00,5872,33,67,,,,
2026-05-26T12:02:57+00:00,5873,33,67,,,,
2026-05-26T12:04:00+00:00,5874,33,67,,,,
2026-05-26T12:05:02+00:00,5875,33,67,,,,
2026-05-26T12:06:04+00:00,5876,33,67,,,,
2026-05-26T12:07:07+00:00,5877,33,67,,,,
2026-05-26T12:08:10+00:00,5878,33,67,,,,
2026-05-26T12:09:12+00:00,5879,33,67,,,,
2026-05-26T12:10:14+00:00,5880,33,66,,,,
2026-05-26T12:11:17+00:00,5881,33,66,,,,
2026-05-26T12:12:19+00:00,5882,33,66,,,,
2026-05-26T12:13:22+00:00,5883,33,66,,,,
2026-05-26T12:14:24+00:00,5884,33,66,,,,
2026-05-26T12:15:27+00:00,5885,33,66,,,,
2026-05-26T12:16:29+00:00,5886,33,66,,,,
2026-05-26T12:17:31+00:00,5887,33,67,,,,
2026-05-26T12:18:34+00:00,5888,33,67,,,,
2026-05-26T12:19:36+00:00,5889,33,67,,,,
2026-05-26T12:20:38+00:00,5890,33,67,,,,
2026-05-26T12:21:41+00:00,5891,33,67,,,,
2026-05-26T12:22:44+00:00,5892,33,67,,,,
2026-05-26T12:23:47+00:00,5893,33,67,,,,
2026-05-26T12:24:49+00:00,5894,33,67,,,,
2026-05-26T12:25:52+00:00,5895,33,67,,,,
2026-05-26T12:26:54+00:00,5896,33,67,,,,
2026-05-26T12:27:57+00:00,5897,33,67,,,,
2026-05-26T12:28:59+00:00,5898,33,67,,,,
2026-05-26T12:30:02+00:00,5899,33,67,,,,
2026-05-26T12:31:04+00:00,5900,33,67,,,,
2026-05-26T12:32:07+00:00,5901,33,67,,,,
2026-05-26T12:33:09+00:00,5902,33,67,,,,
2026-05-26T12:34:11+00:00,5903,33,67,,,,
2026-05-26T12:35:14+00:00,5904,33,67,,,,
2026-05-26T12:36:16+00:00,5905,33,67,,,,
2026-05-26T12:37:19+00:00,5906,33,67,,,,
2026-05-26T12:38:21+00:00,5907,33,67,,,,
2026-05-26T12:39:24+00:00,5908,33,67,,,,
2026-05-26T12:40:26+00:00,5909,33,67,,,,
2026-05-26T12:41:28+00:00,5910,33,67,,,,
2026-05-26T12:42:31+00:00,5911,33,67,,,,
2026-05-26T12:43:33+00:00,5912,33,67,,,,
2026-05-26T12:44:36+00:00,5913,33,67,,,,
2026-05-26T12:45:38+00:00,5914,33,67,,,,
2026-05-26T12:46:41+00:00,5915,33,67,,,,
2026-05-26T12:47:43+00:00,5916,33,67,,,,
2026-05-26T12:48:46+00:00,5917,33,66,,,,
2026-05-26T12:49:48+00:00,5918,33,66,,,,
2026-05-26T12:50:50+00:00,5919,33,66,,,,
2026-05-26T12:51:53+00:00,5920,33,66,,,,
2026-05-26T12:52:55+00:00,5921,32,66,,,,
2026-05-26T12:53:57+00:00,5922,32,66,,,,
2026-05-26T12:55:00+00:00,5923,32,67,,,,
2026-05-26T12:56:02+00:00,5924,32,67,,,,
2026-05-26T12:57:06+00:00,5925,32,67,,,,
2026-05-26T12:58:08+00:00,5926,33,67,,,,
2026-05-26T12:59:10+00:00,5927,33,67,,,,
2026-05-26T13:00:22+00:00,5928,33,67,,,,
2026-05-26T13:01:24+00:00,5929,33,67,,,,
2026-05-26T13:02:27+00:00,5930,33,67,,,,
2026-05-26T13:03:29+00:00,5931,33,67,,,,
2026-05-26T13:04:32+00:00,5932,33,67,,,,
2026-05-26T13:05:34+00:00,5933,33,67,,,,
2026-05-26T13:06:37+00:00,5934,33,67,,,,
2026-05-26T13:07:39+00:00,5935,33,67,,,,
2026-05-26T13:08:42+00:00,5936,33,67,,,,
2026-05-26T13:09:44+00:00,5937,33,67,,,,
2026-05-26T13:10:47+00:00,5938,33,67,,,,
2026-05-26T13:11:50+00:00,5939,33,67,,,,
2026-05-26T13:12:53+00:00,5940,33,68,,,,
2026-05-26T13:13:56+00:00,5941,33,68,,,,
2026-05-26T13:14:58+00:00,5942,33,66,,,,
2026-05-26T13:16:03+00:00,5943,32,66,,,,
2026-05-26T13:17:05+00:00,5944,32,66,,,,
2026-05-26T13:18:08+00:00,5945,32,67,,,,
2026-05-26T13:19:11+00:00,5946,32,67,,,,
2026-05-26T13:20:13+00:00,5947,32,68,,,,
2026-05-26T13:21:16+00:00,5948,32,69,,,,
2026-05-26T13:22:19+00:00,5949,32,69,,,,
2026-05-26T13:23:21+00:00,5950,32,69,,,,
2026-05-26T13:24:24+00:00,5951,32,69,,,,
2026-05-26T13:25:27+00:00,5952,32,69,,,,
2026-05-26T13:26:30+00:00,5953,32,69,,,,
2026-05-26T13:27:32+00:00,5954,32,69,,,,
2026-05-26T13:28:34+00:00,5955,32,69,,,,
2026-05-26T13:29:37+00:00,5956,32,69,,,,
2026-05-26T13:30:40+00:00,5957,32,69,,,,
2026-05-26T13:31:42+00:00,5958,32,69,,,,
2026-05-26T13:32:45+00:00,5959,32,69,,,,
2026-05-26T13:33:47+00:00,5960,32,69,,,,
2026-05-26T13:34:50+00:00,5961,32,69,,,,
2026-05-26T13:35:52+00:00,5962,32,69,,,,
2026-05-26T13:36:55+00:00,5963,32,69,,,,
2026-05-26T13:37:57+00:00,5964,32,69,,,,
2026-05-26T13:39:00+00:00,5965,32,69,,,,
2026-05-26T13:40:02+00:00,5966,33,69,,,,
2026-05-26T13:41:04+00:00,5967,33,69,,,,
2026-05-26T13:42:06+00:00,5968,33,69,,,,
2026-05-26T13:43:09+00:00,5969,33,69,,,,
2026-05-26T13:44:11+00:00,5970,33,69,,,,
2026-05-26T13:45:13+00:00,5971,33,69,,,,
2026-05-26T13:46:16+00:00,5972,33,69,,,,
2026-05-26T13:47:18+00:00,5973,33,69,,,,
2026-05-26T13:48:20+00:00,5974,33,69,,,,
2026-05-26T13:49:23+00:00,5975,33,69,,,,
2026-05-26T13:50:26+00:00,5976,33,69,,,,
2026-05-26T13:51:28+00:00,5977,33,69,,,,
2026-05-26T13:52:31+00:00,5978,33,69,,,,
2026-05-26T13:53:33+00:00,5979,33,69,,,,
2026-05-26T13:54:36+00:00,5980,33,69,,,,
2026-05-26T13:55:38+00:00,5981,33,69,,,,
2026-05-26T13:56:41+00:00,5982,33,69,,,,
2026-05-26T13:57:43+00:00,5983,33,69,,,,
2026-05-26T13:58:45+00:00,5984,33,69,,,,
2026-05-26T13:59:48+00:00,5985,33,69,,,,
2026-05-26T14:00:50+00:00,5986,33,69,,,,
2026-05-26T14:01:53+00:00,5987,33,69,,,,
2026-05-26T14:02:56+00:00,5988,33,69,,,,
2026-05-26T14:03:58+00:00,5989,33,69,,,,
2026-05-26T14:05:00+00:00,5990,33,69,,,,
2026-05-26T14:06:03+00:00,5991,33,69,,,,
2026-05-26T14:07:05+00:00,5992,33,69,,,,
2026-05-26T14:08:08+00:00,5993,33,69,,,,
2026-05-26T14:09:11+00:00,5994,33,69,,,,
2026-05-26T14:10:13+00:00,5995,33,69,,,,
2026-05-26T14:11:16+00:00,5996,33,69,,,,
2026-05-26T14:12:18+00:00,5997,33,69,,,,
2026-05-26T14:13:21+00:00,5998,33,69,,,,
2026-05-26T14:14:24+00:00,5999,33,69,,,,
2026-05-26T14:15:26+00:00,6000,33,69,,,,
